,CenLon,CenLat,name,deglac_yr_1.5deg_5perc_q50,deglac_yr_1.5deg_5perc_q17,deglac_yr_1.5deg_5perc_q83,deglac_yr_1.5deg_10perc_q50,deglac_yr_1.5deg_10perc_q17,deglac_yr_1.5deg_10perc_q83,2100_perc_1.5deg_q50,2100_perc_1.5deg_q17,2100_perc_1.5deg_q83,deglac_yr_2.7deg_5perc_q50,deglac_yr_2.7deg_5perc_q17,deglac_yr_2.7deg_5perc_q83,deglac_yr_2.7deg_10perc_q50,deglac_yr_2.7deg_10perc_q17,deglac_yr_2.7deg_10perc_q83,2100_perc_2.7deg_q50,2100_perc_2.7deg_q17,2100_perc_2.7deg_q83,vol2020_km3
RGI60-11.00014,12.6823,47.1953,RGI60-11.00014,2059,2048,,2055,2045,2085,0,0,7,2049,2044,2061,2046,2042,2058,0,0,0,0.03
RGI60-11.00025,12.7508,47.1648,RGI60-11.00025,,2080,,,2059,,14,6,29,2052,2045,2068,2048,2042,2064,0,0,0,0.01
RGI60-11.00028,12.6785,47.1631,RGI60-11.00028,,,,,,,52,44,58,,,,,,,41,38,44,0.03
RGI60-11.00041,12.752,47.1511,RGI60-11.00041,2084,2066,,2075,2062,,3,1,23,2059,2051,2067,2055,2049,2064,0,0,0,0.02
RGI60-11.00047,12.7194,47.1386,RGI60-11.00047,,,,,,,32,16,52,2071,2061,2093,2064,2057,2084,0,0,2,0.09
RGI60-11.00049,12.7411,47.1398,RGI60-11.00049,,,,,,,33,25,46,2088,2068,,2066,2058,,4,1,11,0.04
RGI60-11.00054,12.3717,47.1487,RGI60-11.00054,,,,,,,31,23,44,2079,2066,,2062,2053,2084,2,0,5,0.06
RGI60-11.00062,12.3086,47.1458,RGI60-11.00062,,,,,2069,,17,10,28,2064,2056,2077,2051,2044,2063,0,0,1,0.03
RGI60-11.00067,12.6894,47.129,RGI60-11.00067,,,,,,,41,30,49,2089,2075,,2081,2067,,1,0,14,0.11
RGI60-11.00068,12.3453,47.1322,RGI60-11.00068,,,,,,,40,29,51,,,,,2088,,12,6,18,0.14
RGI60-11.00070,12.1044,47.1491,RGI60-11.00070,,2066,,2068,2054,,10,6,21,2051,2044,2063,2048,2041,2055,0,0,0,0.04
RGI60-11.00072,12.6611,47.1342,RGI60-11.00072,2064,2039,2080,2044,2036,2071,0,0,2,2042,2038,2069,2039,2036,2064,0,0,0,0.02
RGI60-11.00078,12.3243,47.1392,RGI60-11.00078,,2059,,2063,2050,,8,2,16,2048,2043,2066,2045,2040,2055,0,0,0,0.01
RGI60-11.00080,12.5964,47.1316,Stubacher Sonnblickkees,2055,2048,,2049,2043,2092,0,0,8,2048,2042,2061,2044,2039,2057,0,0,0,0.03
RGI60-11.00088,12.7269,47.1229,RGI60-11.00088,2063,2053,,2056,2048,2066,3,2,6,2050,2047,2058,2048,2044,2055,0,0,0,0.13
RGI60-11.00094,12.1173,47.1381,RGI60-11.00094,,2080,,2075,2059,,12,4,25,2054,2048,2071,2048,2042,2063,0,0,0,0.01
RGI60-11.00095,12.5884,47.1232,RGI60-11.00095,2043,2036,2069,2038,2033,2056,0,0,1,2037,2034,2042,2035,2032,2040,0,0,0,0.01
RGI60-11.00104,12.1032,47.1386,Kuchelmooskees,2059,2049,2085,2054,2043,2076,0,0,3,2047,2042,2058,2045,2040,2056,0,0,0,0.01
RGI60-11.00106,12.6967,47.0991,Pasterze,,2079,,,2065,,11,4,23,2065,2059,2086,2063,2056,2075,1,0,2,1.19
RGI60-11.00110,12.3693,47.1261,RGI60-11.00110,,,,,,,29,18,43,,2079,,2067,2058,2098,7,2,9,0.06
RGI60-11.00114,12.2453,47.1297,RGI60-11.00114,2049,2039,2072,2043,2036,2051,4,1,8,2040,2034,2048,2037,2032,2043,0,0,0,0.01
RGI60-11.00116,12.3309,47.1177,RGI60-11.00116,,,,,,,31,21,40,2089,2075,,2077,2066,2097,4,1,10,0.24
RGI60-11.00122,12.7221,47.1074,RGI60-11.00122,2047,2040,2070,2043,2038,2056,0,0,2,2042,2038,2049,2039,2037,2043,0,0,0,0.05
RGI60-11.00124,12.6507,47.1087,RGI60-11.00124,,2069,,2057,2044,,11,6,16,2056,2047,2072,2044,2039,2056,0,0,2,0.03
RGI60-11.00127,12.2672,47.1131,RGI60-11.00127,2062,2052,,2049,2041,2070,3,0,6,2047,2041,2057,2042,2037,2051,0,0,0,0.04
RGI60-11.00135,12.3829,47.1066,RGI60-11.00135,,,,,,,55,42,67,,2099,,,2090,,10,4,25,0.44
RGI60-11.00141,12.2779,47.1025,RGI60-11.00141,2058,2053,,2051,2047,2077,3,1,9,2049,2045,2061,2045,2042,2054,0,0,0,0.15
RGI60-11.00159,12.6559,47.0909,RGI60-11.00159,,2063,,2068,2050,,7,1,21,2051,2045,2065,2048,2042,2059,0,0,0,0.04
RGI60-11.00161,12.3582,47.0953,RGI60-11.00161,,,,,,,27,14,44,2081,2069,2094,2071,2064,2085,1,0,4,0.16
RGI60-11.00164,12.338,47.1022,RGI60-11.00164,,,,,2063,,19,8,31,2058,2051,2073,2052,2044,2064,0,0,1,0.04
RGI60-11.00181,13.2537,47.0615,RGI60-11.00181,,,,,2075,,15,8,22,2068,2060,2087,2059,2053,2073,0,0,3,0.08
RGI60-11.00182,12.6661,47.0798,RGI60-11.00182,,,,,,,28,11,41,2071,2062,2090,2064,2058,2084,0,0,2,0.1
RGI60-11.00188,12.9426,47.0753,RGI60-11.00188,2085,2070,,2069,2058,2096,3,0,9,2062,2054,2070,2055,2048,2063,0,0,0,0.01
RGI60-11.00189,12.3167,47.0898,RGI60-11.00189,,2059,,2063,2053,,9,3,18,2049,2042,2063,2046,2040,2055,0,0,0,0.03
RGI60-11.00190,12.3784,47.0851,RGI60-11.00190,,2083,,,2073,,14,4,25,2064,2058,2083,2061,2053,2073,0,0,1,0.12
RGI60-11.00193,12.6796,47.0724,RGI60-11.00193,,2060,,2061,2048,,7,2,15,2051,2045,2065,2048,2042,2058,0,0,0,0.08
RGI60-11.00197,12.2683,47.0878,RGI60-11.00197,,,,,,,26,19,44,2084,2066,,2062,2052,2084,3,1,7,0.05
RGI60-11.00199,12.4009,47.0822,RGI60-11.00199,,2062,,2059,2048,2097,6,1,9,2053,2048,2069,2045,2039,2056,0,0,0,0.06
RGI60-11.00200,12.3025,47.0883,RGI60-11.00200,,,,,2067,,15,6,27,2064,2056,2079,2055,2048,2067,0,0,0,0.03
RGI60-11.00213,12.7082,47.0716,RGI60-11.00213,,,,,,,37,18,57,2079,2062,,2065,2056,2084,1,0,6,0.02
RGI60-11.00220,12.2764,47.0775,RGI60-11.00220,,2076,,,2065,,17,4,30,2057,2050,2075,2052,2047,2067,0,0,0,0.04
RGI60-11.00223,12.6932,47.0652,RGI60-11.00223,2045,2037,2055,2040,2036,2045,3,1,6,2041,2037,2044,2038,2035,2041,0,0,1,0.03
RGI60-11.00233,12.2486,47.0778,RGI60-11.00233,,,,,,,44,33,62,,2093,,2082,2066,,7,3,16,0.05
RGI60-11.00251,12.9472,47.053,Kleinfleisskees,2038,2035,2052,2037,2033,2042,0,0,0,2037,2034,2040,2034,2033,2038,0,0,0,0.02
RGI60-11.00257,11.7086,47.0874,RGI60-11.00257,,2073,,2071,2062,,7,1,18,2058,2051,2077,2054,2047,2069,0,0,0,0.01
RGI60-11.00263,12.2248,47.0729,RGI60-11.00263,2068,2055,,2050,2045,,5,1,12,2049,2042,2062,2043,2038,2051,0,0,0,0.01
RGI60-11.00264,12.2671,47.0666,RGI60-11.00264,,,,,,,30,20,46,2088,2073,,2069,2058,2095,4,1,10,0.04
RGI60-11.00278,12.2454,47.0574,RGI60-11.00278,,,,,,,24,13,37,2073,2064,2091,2063,2055,2082,0,0,4,0.16
RGI60-11.00286,12.2211,47.0659,Ã„usseres Lahnerkees,,,,,2079,,20,14,33,2064,2053,2086,2056,2048,2070,0,0,3,0.02
RGI60-11.00289,12.9702,47.0421,Goldbergkees,2041,2037,2047,2039,2035,2045,0,0,0,2038,2036,2043,2037,2035,2042,0,0,0,0.01
RGI60-11.00291,13.3143,47.0259,RGI60-11.00291,2058,2043,2087,2048,2038,2063,2,0,6,2047,2040,2058,2042,2037,2050,0,0,0,0.02
RGI60-11.00295,11.1193,47.0827,RGI60-11.00295,2055,2052,2085,2051,2048,2078,0,0,2,2049,2045,2060,2047,2043,2056,0,0,0,0.16
RGI60-11.00303,13.3338,47.0199,RGI60-11.00303,2070,2049,,2054,2043,2082,4,2,9,2050,2044,2065,2046,2041,2057,0,0,0,0.08
RGI60-11.00311,11.6636,47.0654,RGI60-11.00311,2080,2067,,2070,2064,,7,1,14,2058,2053,2076,2055,2049,2070,0,0,0,0.16
RGI60-11.00312,11.9778,47.0635,RGI60-11.00312,,,,,2084,,26,13,53,2062,2051,2079,2056,2048,2066,0,0,2,0.01
RGI60-11.00323,11.0941,47.0753,RGI60-11.00323,2069,2058,,2061,2048,,4,0,18,2049,2043,2071,2046,2040,2063,0,0,0,0.01
RGI60-11.00325,11.0745,47.0723,Bachfallenferner,2047,2044,2072,2043,2040,2064,0,0,1,2043,2039,2052,2039,2037,2049,0,0,0,0.05
RGI60-11.00338,11.9867,47.0521,RGI60-11.00338,,2075,,,2065,,22,4,48,2062,2052,2082,2057,2048,2078,0,0,1,0.01
RGI60-11.00343,11.1165,47.0679,RGI60-11.00343,2075,2065,,2068,2062,,3,0,31,2054,2050,2075,2052,2047,2069,0,0,0,0.03
RGI60-11.00345,12.2662,47.0392,RGI60-11.00345,,2076,,2070,2059,,10,2,16,2058,2050,2073,2049,2044,2061,0,0,0,0.03
RGI60-11.00364,11.1166,47.0595,RGI60-11.00364,2044,2036,2068,2038,2033,2056,0,0,2,2037,2032,2048,2034,2031,2044,0,0,0,0.01
RGI60-11.00370,11.9183,47.0395,RGI60-11.00370,,2077,,,2062,,17,9,32,2057,2048,2072,2051,2044,2058,0,0,2,0.02
RGI60-11.00373,12.1982,47.0334,RGI60-11.00373,2075,2059,,2060,2050,,7,1,17,2050,2044,2066,2047,2042,2057,0,0,0,0.01
RGI60-11.00376,11.1271,47.0445,RGI60-11.00376,2053,2049,2084,2050,2047,2076,0,0,2,2047,2042,2056,2045,2041,2052,0,0,0,0.12
RGI60-11.00386,12.2133,47.0226,RGI60-11.00386,,,,,2063,,16,8,28,2058,2050,2077,2051,2043,2063,0,0,2,0.02
RGI60-11.00391,11.9011,47.0307,RGI60-11.00391,,,,,,,26,18,38,2065,2056,,2057,2048,2079,0,0,6,0.01
RGI60-11.00392,11.1096,47.0458,RGI60-11.00392,2043,2039,2052,2041,2037,2045,0,0,1,2039,2036,2045,2038,2035,2043,0,0,0,0.04
RGI60-11.00399,11.878,47.0229,RGI60-11.00399,,,,,,,67,58,77,,,,,,,23,17,42,0.15
RGI60-11.00408,9.69511,47.0592,RGI60-11.00408,2036,2033,2042,2035,2032,2040,0,0,0,2035,2032,2039,2033,2031,2037,0,0,0,0.03
RGI60-11.00411,11.1463,47.0431,RGI60-11.00411,2043,2037,2052,2041,2036,2045,0,0,2,2038,2036,2044,2037,2034,2042,0,0,0,0.01
RGI60-11.00415,11.8574,47.0152,RGI60-11.00415,,,,,,,23,13,37,2072,2065,2093,2062,2054,2082,0,0,4,0.12
RGI60-11.00423,11.9029,47.0199,RGI60-11.00423,,2069,,2068,2050,,12,8,22,2049,2043,2064,2043,2039,2053,0,0,2,0.02
RGI60-11.00434,11.637,47.0182,RGI60-11.00434,2037,2034,2046,2036,2033,2041,0,0,1,2034,2032,2040,2033,2032,2038,0,0,0,0.04
RGI60-11.00450,11.1117,47.0276,RGI60-11.00450,2043,2037,2083,2041,2036,2072,0,0,3,2038,2035,2048,2037,2034,2046,0,0,0,0.01
RGI60-11.00459,11.8176,46.9981,RGI60-11.00459,,2076,,,2061,,14,8,25,2058,2052,2079,2053,2048,2067,0,0,1,0.07
RGI60-11.00469,11.7914,46.9997,RGI60-11.00469,,,,,,,24,15,36,2066,2057,2088,2058,2050,2070,1,0,3,0.09
RGI60-11.00471,11.8372,47.0026,RGI60-11.00471,,,,,2084,,25,12,43,2061,2051,2081,2055,2048,2072,0,0,1,0.02
RGI60-11.00476,11.7698,46.9912,RGI60-11.00476,,,,,,,32,18,46,2081,2066,2094,2063,2054,2071,3,0,4,0.06
RGI60-11.00487,11.0795,46.9982,RGI60-11.00487,2054,2051,2093,2050,2047,2080,0,0,3,2047,2044,2059,2045,2042,2056,0,0,0,0.13
RGI60-11.00497,10.9171,47.008,RGI60-11.00497,2043,2036,2062,2041,2035,2051,0,0,2,2037,2033,2046,2036,2032,2043,0,0,0,0.01
RGI60-11.00502,11.8001,46.9856,RGI60-11.00502,2058,2046,,2049,2041,2088,1,0,6,2044,2039,2056,2042,2037,2051,0,0,0,0.04
RGI60-11.00505,10.1827,47.0133,RGI60-11.00505,2034,2032,2042,2034,2031,2040,0,0,0,2032,2030,2039,2031,2030,2037,0,0,0,0.01
RGI60-11.00518,11.1052,46.9877,RGI60-11.00518,2045,2038,2100,2041,2035,2076,0,0,5,2038,2034,2050,2036,2033,2047,0,0,0,0.05
RGI60-11.00524,11.7447,46.9774,RGI60-11.00524,,2063,,2066,2050,,8,2,18,2049,2043,2058,2045,2040,2055,0,0,0,0.07
RGI60-11.00535,11.0688,46.9859,RGI60-11.00535,2044,2038,2052,2042,2037,2052,0,0,0,2039,2037,2044,2038,2036,2044,0,0,0,0.02
RGI60-11.00538,11.7139,46.9722,RGI60-11.00538,,2073,,,2064,,12,1,28,2058,2052,2076,2053,2047,2068,0,0,0,0.03
RGI60-11.00539,8.99194,47.0032,RGI60-11.00539,2053,2047,2099,2044,2041,2063,1,0,5,2045,2039,2056,2040,2036,2048,0,0,0,0.04
RGI60-11.00541,11.1528,46.974,RGI60-11.00541,,2071,,2092,2065,,10,0,27,2058,2051,2075,2054,2050,2068,0,0,0,0.1
RGI60-11.00546,11.1906,46.9774,RGI60-11.00546,,2076,,2070,2058,,14,3,20,2055,2048,2076,2045,2040,2061,0,0,0,0.02
RGI60-11.00548,11.1339,46.9782,RGI60-11.00548,2037,2034,2055,2035,2033,2042,0,0,1,2034,2032,2042,2034,2031,2038,0,0,0,0.03
RGI60-11.00551,12.147,46.958,RGI60-11.00551,2040,2037,2044,2037,2035,2041,0,0,0,2037,2035,2041,2035,2034,2039,0,0,0,0.04
RGI60-11.00554,11.1701,46.9732,RGI60-11.00554,2069,2063,,2062,2057,,0,0,18,2052,2050,2073,2049,2045,2066,0,0,0,0.05
RGI60-11.00562,11.7307,46.9641,RGI60-11.00562,2070,2052,,2059,2043,,4,0,13,2047,2043,2063,2044,2040,2057,0,0,0,0.05
RGI60-11.00590,11.2537,46.9675,RGI60-11.00590,2049,2044,2063,2045,2041,2048,0,0,2,2043,2041,2047,2040,2037,2043,0,0,0,0.03
RGI60-11.00593,10.8088,46.9757,Seekarlesferner,2046,2039,2072,2044,2038,2066,0,0,1,2041,2038,2050,2039,2037,2048,0,0,0,0.03
RGI60-11.00597,11.1832,46.9514,RGI60-11.00597,2081,2069,,2068,2060,2090,4,1,8,2058,2054,2073,2052,2049,2064,0,0,0,0.27
RGI60-11.00604,11.1375,46.9652,RGI60-11.00604,2036,2032,2042,2034,2030,2039,0,0,1,2032,2030,2039,2031,2030,2035,0,0,0,0.01
RGI60-11.00608,12.1756,46.9397,RGI60-11.00608,,2075,,2074,2069,2091,5,0,8,2066,2061,,2062,2058,2065,0,0,5,0.01
RGI60-11.00619,11.1528,46.9566,Vedretta Malavalle,2036,2032,2052,2033,2031,2039,0,0,1,2032,2030,2040,2031,2030,2035,0,0,0,0.02
RGI60-11.00628,12.1456,46.9241,RGI60-11.00628,2037,2034,2052,2034,2032,2044,0,0,0,2034,2032,2039,2032,2031,2036,0,0,0,0.01
RGI60-11.00647,12.0965,46.9069,RGI60-11.00647,2062,2048,,2054,2044,2081,1,0,5,2048,2042,2056,2045,2039,2052,0,0,0,0.05
RGI60-11.00648,10.9316,46.9326,RGI60-11.00648,,2065,,2066,2058,,7,3,17,2054,2050,2069,2049,2047,2061,0,0,0,0.05
RGI60-11.00663,10.9162,46.9284,RGI60-11.00663,2064,2057,,2057,2048,,2,0,11,2047,2043,2065,2044,2040,2056,0,0,0,0.03
RGI60-11.00666,10.9036,46.9058,RGI60-11.00666,2077,2068,,2068,2062,2097,5,2,9,2058,2054,2070,2054,2051,2065,0,0,0,0.59
RGI60-11.00670,10.8648,46.9209,RGI60-11.00670,2065,2052,,2054,2043,2084,3,0,9,2048,2042,2061,2043,2039,2055,0,0,0,0.04
RGI60-11.00674,10.9269,46.9185,RGI60-11.00674,2054,2049,2099,2051,2045,2076,0,0,5,2045,2042,2057,2043,2040,2054,0,0,0,0.03
RGI60-11.00687,10.8546,46.8956,RGI60-11.00687,,,,,,,35,22,47,2083,2073,,2074,2066,2091,2,1,7,0.32
RGI60-11.00689,9.25535,46.9171,RGI60-11.00689,2062,2055,,2055,2047,,0,0,22,2048,2041,2058,2045,2039,2055,0,0,0,0.01
RGI60-11.00691,10.2192,46.9035,RGI60-11.00691,2082,2056,,2059,2039,,5,1,22,2048,2043,2070,2042,2037,2059,0,0,0,0.02
RGI60-11.00695,9.24825,46.9105,RGI60-11.00695,2048,2041,2076,2044,2037,2064,0,0,2,2040,2036,2051,2038,2033,2047,0,0,0,0.01
RGI60-11.00697,10.8186,46.8924,RGI60-11.00697,,,,,2069,,18,10,27,2068,2061,2089,2055,2050,2073,1,0,3,0.03
RGI60-11.00698,10.7988,46.89,RGI60-11.00698,,,,,2067,,20,12,32,2060,2051,2080,2051,2044,2063,0,0,1,0.04
RGI60-11.00719,10.818,46.8762,Vernagtferner,2063,2048,2088,2049,2040,2060,3,1,5,2047,2043,2054,2042,2038,2048,0,0,0,0.3
RGI60-11.00720,10.8784,46.8837,RGI60-11.00720,2068,2042,,2054,2039,,4,0,14,2045,2039,2055,2042,2038,2049,0,0,0,0.03
RGI60-11.00746,10.757,46.8489,RGI60-11.00746,,,,,2090,,16,7,29,2075,2068,2092,2069,2064,2087,0,0,2,1.54
RGI60-11.00752,9.16752,46.8792,RGI60-11.00752,2044,2039,2053,2043,2038,2045,0,0,1,2041,2038,2046,2039,2036,2041,0,0,0,0.06
RGI60-11.00766,10.9779,46.8585,RGI60-11.00766,2049,2043,2076,2047,2041,2062,0,0,1,2042,2039,2052,2040,2038,2048,0,0,0,0.01
RGI60-11.00770,10.7127,46.8548,RGI60-11.00770,,2068,,2053,2041,,8,6,18,2055,2046,2063,2043,2039,2052,0,0,2,0.07
RGI60-11.00779,10.8009,46.8542,RGI60-11.00779,2048,2041,2068,2044,2037,2057,0,0,2,2040,2038,2050,2037,2033,2044,0,0,0,0.03
RGI60-11.00781,10.1603,46.8577,Jamtalferner,2068,2051,,2054,2042,,2,1,12,2048,2043,2067,2044,2039,2059,0,0,0,0.09
RGI60-11.00782,10.964,46.853,RGI60-11.00782,2048,2039,2064,2044,2037,2051,3,1,5,2040,2036,2048,2037,2034,2043,0,0,0,0.03
RGI60-11.00787,10.7907,46.8424,Kesselwandferner,2081,2073,,2074,2067,,1,0,11,2063,2057,2076,2058,2054,2072,0,0,0,0.25
RGI60-11.00793,10.1904,46.8584,RGI60-11.00793,2034,2031,2039,2032,2030,2038,0,0,0,2031,2029,2035,2030,2028,2034,0,0,0,0.01
RGI60-11.00797,10.1054,46.8515,RGI60-11.00797,2046,2042,2072,2044,2040,2063,0,0,1,2041,2039,2049,2040,2037,2047,0,0,0,0.06
RGI60-11.00804,10.0766,46.8524,Silvretta,2070,2062,,2060,2050,,1,0,17,2054,2050,2073,2048,2043,2062,0,0,0,0.13
RGI60-11.00807,10.1309,46.8529,RGI60-11.00807,2041,2035,2063,2037,2033,2049,0,0,1,2037,2033,2045,2034,2031,2042,0,0,0,0.04
RGI60-11.00817,8.90822,46.8541,RGI60-11.00817,2034,2032,2037,2033,2031,2036,0,0,0,2032,2031,2034,2031,2030,2033,0,0,0,0.01
RGI60-11.00826,8.86456,46.8519,RGI60-11.00826,2035,2032,2041,2032,2030,2035,1,0,2,2032,2031,2035,2030,2030,2032,0,0,0,0.01
RGI60-11.00828,8.5068,46.8507,RGI60-11.00828,2035,2032,2050,2033,2031,2040,0,0,0,2032,2030,2040,2031,2029,2036,0,0,0,0.01
RGI60-11.00830,8.53136,46.848,RGI60-11.00830,2045,2040,2076,2041,2038,2067,0,0,1,2040,2037,2050,2038,2034,2047,0,0,0,0.05
RGI60-11.00833,10.0931,46.8393,RGI60-11.00833,2037,2033,2046,2035,2032,2041,0,0,0,2034,2031,2038,2032,2030,2036,0,0,0,0.04
RGI60-11.00834,10.956,46.8341,RGI60-11.00834,2041,2038,2047,2039,2036,2043,0,0,2,2038,2036,2042,2036,2033,2038,0,0,0,0.02
RGI60-11.00836,11.0698,46.8264,RGI60-11.00836,,2080,,,2069,,15,4,41,2056,2050,2077,2053,2049,2076,0,0,0,0.02
RGI60-11.00843,8.89117,46.8442,RGI60-11.00843,2063,2058,2100,2059,2054,2088,1,0,5,2054,2050,2061,2051,2047,2059,0,0,0,0.13
RGI60-11.00844,10.875,46.8291,RGI60-11.00844,2041,2037,2062,2040,2036,2052,0,0,0,2037,2034,2044,2036,2033,2043,0,0,0,0.02
RGI60-11.00846,10.7512,46.8247,Langtaufererferner,,2075,,2091,2067,,9,3,17,2063,2058,2073,2059,2054,2068,0,0,0,0.41
RGI60-11.00852,8.4955,46.8423,RGI60-11.00852,2044,2039,2052,2041,2038,2049,0,0,0,2040,2037,2047,2039,2036,2042,0,0,0,0.03
RGI60-11.00871,11.0473,46.8138,RGI60-11.00871,,,,,,,32,19,49,2073,2065,2096,2065,2057,2088,0,0,3,0.06
RGI60-11.00872,8.85543,46.8211,RGI60-11.00872,2070,2064,,2065,2060,2094,1,1,7,2058,2054,2069,2055,2051,2063,0,0,0,0.85
RGI60-11.00878,8.88758,46.8333,RGI60-11.00878,2061,2057,2091,2057,2051,2076,0,0,1,2053,2048,2060,2049,2045,2057,0,0,0,0.06
RGI60-11.00885,10.7688,46.8193,RGI60-11.00885,2092,2066,,2065,2053,2090,4,0,10,2056,2051,2064,2048,2043,2056,0,0,0,0.02
RGI60-11.00886,10.9455,46.8104,RGI60-11.00886,2047,2040,2068,2044,2037,2057,1,0,3,2042,2037,2050,2038,2035,2047,0,0,0,0.07
RGI60-11.00887,10.9827,46.7845,RGI60-11.00887,2057,2053,2099,2054,2050,2082,0,0,4,2050,2048,2059,2048,2046,2056,0,0,0,0.58
RGI60-11.00893,11.029,46.8131,RGI60-11.00893,2040,2035,2052,2037,2034,2044,0,0,1,2035,2032,2042,2034,2032,2040,0,0,0,0.01
RGI60-11.00894,8.83505,46.8317,RGI60-11.00894,2044,2039,2048,2043,2038,2046,1,0,1,2040,2037,2042,2039,2036,2041,0,0,0,0.01
RGI60-11.00897,10.7584,46.8003,Hintereisferner,,2065,,2067,2052,,7,4,16,2060,2050,2064,2048,2044,2056,1,0,1,0.4
RGI60-11.00903,10.7132,46.8061,RGI60-11.00903,,2071,,,2052,,11,7,24,2054,2048,2063,2047,2042,2056,0,0,1,0.04
RGI60-11.00905,10.9631,46.8065,RGI60-11.00905,,2071,,,2063,,16,2,28,2058,2051,2074,2052,2046,2066,0,0,0,0.01
RGI60-11.00906,8.81057,46.8223,RGI60-11.00906,2033,2028,2051,2030,2027,2041,0,0,0,2029,2027,2038,2028,2027,2036,0,0,0,0.01
RGI60-11.00917,11.0339,46.8022,RGI60-11.00917,2048,2041,2076,2046,2040,2062,0,0,2,2042,2039,2050,2041,2037,2048,0,0,0,0.02
RGI60-11.00918,8.97739,46.8133,Limmern,,,,,,,20,14,26,,2074,,2058,2049,2072,5,2,7,0.05
RGI60-11.00919,10.8472,46.8027,RGI60-11.00919,2044,2038,2066,2041,2034,2055,0,0,1,2037,2034,2048,2035,2032,2044,0,0,0,0.01
RGI60-11.00923,8.88401,46.8169,RGI60-11.00923,2045,2037,2085,2042,2036,2068,0,0,1,2041,2036,2050,2039,2033,2048,0,0,0,0.01
RGI60-11.00924,8.78729,46.8122,RGI60-11.00924,2044,2037,2068,2041,2035,2062,0,0,2,2038,2034,2048,2037,2032,2044,0,0,0,0.02
RGI60-11.00929,11.0191,46.7817,RGI60-11.00929,2073,2062,,2059,2049,,4,0,11,2051,2047,2069,2045,2042,2060,0,0,0,0.07
RGI60-11.00931,8.92283,46.8142,RGI60-11.00931,,2075,,,2068,,23,1,36,2066,2055,2080,2059,2050,2072,0,0,0,0.01
RGI60-11.00932,8.93019,46.8058,RGI60-11.00932,,,,,,,77,68,83,,,,,,,26,13,35,0.09
RGI60-11.00940,10.6876,46.797,RGI60-11.00940,,,,,2076,,15,5,26,2067,2061,2084,2060,2052,2073,0,0,0,0.01
RGI60-11.00943,10.8341,46.7902,RGI60-11.00943,2062,2051,,2054,2048,2082,2,0,8,2047,2044,2061,2045,2042,2058,0,0,0,0.13
RGI60-11.00945,10.9446,46.7824,RGI60-11.00945,2086,2070,,2077,2066,2099,2,0,10,2064,2058,2072,2061,2055,2065,0,0,0,0.38
RGI60-11.00950,10.7242,46.7859,RGI60-11.00950,,2063,,2070,2052,,10,1,22,2052,2047,2068,2048,2043,2061,0,0,0,0.07
RGI60-11.00954,8.74433,46.8067,RGI60-11.00954,2049,2043,,2045,2040,2080,1,0,9,2043,2037,2056,2040,2034,2050,0,0,0,0.01
RGI60-11.00957,10.8054,46.7801,RGI60-11.00957,,2053,,2051,2043,,7,1,13,2051,2045,2076,2044,2040,2057,0,0,0,0.12
RGI60-11.00958,10.894,46.7767,RGI60-11.00958,,2071,,,2064,,11,4,23,2059,2053,2078,2054,2050,2073,0,0,0,0.19
RGI60-11.00964,8.53251,46.7944,RGI60-11.00964,,,,,,,25,20,34,2074,2060,2091,2058,2051,2071,2,1,4,0.03
RGI60-11.00975,10.6771,46.7884,RGI60-11.00975,2054,2043,2096,2047,2039,2068,0,0,3,2043,2040,2055,2041,2038,2050,0,0,0,0.01
RGI60-11.00976,8.96564,46.8013,RGI60-11.00976,2049,2042,2076,2047,2041,2057,0,0,4,2042,2039,2050,2041,2037,2048,0,0,0,0.02
RGI60-11.00979,8.94956,46.7949,RGI60-11.00979,,2051,,2065,2047,,14,0,21,2052,2047,2064,2047,2043,2055,0,0,1,0.01
RGI60-11.00981,8.83487,46.7978,RGI60-11.00981,2078,2064,,2068,2058,,2,0,21,2055,2050,2070,2051,2046,2062,0,0,0,0.02
RGI60-11.00991,10.7365,46.7793,RGI60-11.00991,2040,2033,2051,2036,2032,2043,0,0,1,2034,2031,2044,2031,2030,2040,0,0,0,0.01
RGI60-11.00992,10.8674,46.7688,RGI60-11.00992,2073,2059,,2064,2049,,3,1,11,2052,2048,2069,2048,2043,2061,0,0,0,0.06
RGI60-11.00994,8.53936,46.7845,RGI60-11.00994,2071,2064,,2066,2060,,1,0,18,2057,2051,2070,2053,2048,2065,0,0,0,0.13
RGI60-11.01006,8.5127,46.7836,RGI60-11.01006,2059,2050,,2053,2046,2091,1,0,7,2049,2042,2060,2046,2039,2055,0,0,0,0.02
RGI60-11.01019,8.43053,46.7795,RGI60-11.01019,,,,,2064,,20,14,29,2072,2051,2087,2054,2044,2065,1,0,3,0.02
RGI60-11.01024,10.8951,46.7653,RGI60-11.01024,2053,2047,2063,2049,2043,2056,0,0,0,2045,2042,2052,2043,2040,2048,0,0,0,0.03
RGI60-11.01038,8.42358,46.7748,RGI60-11.01038,,,,,,,39,21,54,2075,2061,2092,2063,2052,2087,1,0,4,0.02
RGI60-11.01041,10.8869,46.7584,RGI60-11.01041,2048,2041,2051,2045,2039,2047,0,0,0,2042,2040,2045,2040,2038,2043,0,0,0,0.03
RGI60-11.01046,8.45343,46.768,RGI60-11.01046,2069,2062,,2064,2055,,1,0,17,2055,2047,2064,2051,2044,2060,0,0,0,0.01
RGI60-11.01067,8.43639,46.7624,RGI60-11.01067,,2062,,2043,2038,2054,7,6,11,2056,2045,2073,2039,2036,2045,1,0,2,0.04
RGI60-11.01111,10.738,46.7334,RGI60-11.01111,2036,2033,2044,2034,2032,2041,0,0,0,2033,2031,2038,2032,2030,2036,0,0,0,0.02
RGI60-11.01120,8.7876,46.7377,RGI60-11.01120,,,,2068,2056,,11,8,14,2060,2050,2072,2049,2043,2058,0,0,1,0.1
RGI60-11.01144,8.42657,46.6989,RGI60-11.01144,,,,,,,53,37,61,,2088,,,2081,,11,1,20,0.42
RGI60-11.01146,8.50077,46.7161,RGI60-11.01146,,,,,2062,,19,13,29,2064,2052,2073,2052,2044,2065,1,0,2,0.04
RGI60-11.01156,8.46549,46.7052,RGI60-11.01156,,,,,2064,,34,9,42,2074,2061,2097,2066,2055,2086,1,0,5,0.04
RGI60-11.01161,8.50724,46.7016,RGI60-11.01161,,,,,2055,,19,13,32,2056,2047,2070,2049,2040,2063,0,0,1,0.03
RGI60-11.01165,10.0041,46.6977,RGI60-11.01165,2047,2042,2063,2043,2038,2056,0,0,1,2042,2038,2050,2039,2036,2045,0,0,0,0.03
RGI60-11.01166,9.98909,46.6972,RGI60-11.01166,2046,2039,2074,2043,2036,2054,0,0,2,2039,2036,2050,2037,2033,2045,0,0,0,0.02
RGI60-11.01173,9.96858,46.6938,RGI60-11.01173,2044,2038,2060,2041,2036,2049,0,0,2,2039,2034,2048,2036,2032,2044,0,0,0,0.03
RGI60-11.01176,8.38929,46.694,RGI60-11.01176,2050,2040,,2045,2037,2097,3,0,12,2043,2037,2055,2039,2035,2048,0,0,0,0.01
RGI60-11.01187,8.46657,46.6849,RGI60-11.01187,,,,,2061,,19,9,28,2064,2055,2081,2055,2045,2067,1,0,3,0.07
RGI60-11.01193,8.41048,46.6802,Chelengletscher,,,,,,,23,14,30,2094,2065,,2060,2045,2080,4,1,6,0.05
RGI60-11.01198,8.37258,46.6588,RGI60-11.01198,,,,,,,26,15,35,2086,2066,,2069,2058,2087,3,1,5,0.82
RGI60-11.01203,8.44883,46.683,RGI60-11.01203,2044,2037,2057,2041,2035,2049,0,0,2,2038,2032,2048,2036,2031,2042,0,0,0,0.01
RGI60-11.01208,8.38992,46.6774,RGI60-11.01208,,,,2066,2057,,15,7,23,2055,2045,2065,2049,2040,2061,0,0,0,0.02
RGI60-11.01215,8.41241,46.6711,RGI60-11.01215,,,,,2067,,21,12,31,2060,2048,2072,2055,2044,2065,0,0,1,0.03
RGI60-11.01222,8.14901,46.6436,RGI60-11.01222,,,,,,,55,43,73,,,,,2086,,14,8,22,0.38
RGI60-11.01224,8.41984,46.6612,RGI60-11.01224,,,,,,,39,25,49,,2066,,2069,2055,2089,6,2,9,0.02
RGI60-11.01234,8.43189,46.651,RGI60-11.01234,,,,,2056,,18,11,24,2057,2044,2069,2051,2039,2064,0,0,1,0.02
RGI60-11.01237,8.12654,46.6402,RGI60-11.01237,,,,,,,58,41,67,,,,,,,17,11,23,0.06
RGI60-11.01238,8.3965,46.6236,Rhone,,,,,,,22,14,27,2097,2073,,2073,2063,2093,5,3,8,1.24
RGI60-11.01246,8.43645,46.634,Dammagletscher,,,,,,,43,29,51,2094,2064,,2077,2060,2093,4,0,7,0.13
RGI60-11.01258,8.18261,46.6371,RGI60-11.01258,2069,2056,,2056,2049,,6,2,15,2051,2044,2063,2047,2041,2056,0,0,0,0.01
RGI60-11.01261,8.36463,46.6315,RGI60-11.01261,,2097,,,2065,,15,6,34,2060,2054,2077,2053,2048,2066,0,0,0,0.03
RGI60-11.01267,9.88,46.6278,RGI60-11.01267,2070,2059,,2051,2042,2095,5,2,9,2049,2045,2064,2043,2039,2052,0,0,0,0.05
RGI60-11.01270,8.11933,46.6143,RGI60-11.01270,,,,,,,60,48,70,,,,,,,21,13,26,0.44
RGI60-11.01275,8.15811,46.6173,RGI60-11.01275,,,,,,,28,20,34,,2071,,2075,2060,2096,6,3,10,0.59
RGI60-11.01280,8.91279,46.6265,RGI60-11.01280,2068,2065,2097,2063,2059,2084,0,0,5,2057,2053,2065,2053,2049,2061,0,0,0,0.06
RGI60-11.01290,8.92409,46.625,RGI60-11.01290,2078,2067,,2069,2062,,3,0,32,2057,2051,2072,2053,2047,2066,0,0,0,0.01
RGI60-11.01293,8.89978,46.6177,RGI60-11.01293,2041,2037,2062,2040,2036,2052,0,0,1,2038,2035,2044,2036,2033,2041,0,0,0,0.05
RGI60-11.01296,8.43043,46.6132,RGI60-11.01296,2064,2043,,2050,2040,,6,1,16,2049,2042,2061,2046,2037,2056,0,0,0,0.05
RGI60-11.01302,8.8867,46.6167,RGI60-11.01302,2051,2048,2085,2050,2046,2076,0,0,3,2046,2042,2055,2044,2040,2050,0,0,0,0.04
RGI60-11.01328,8.2193,46.5642,RGI60-11.01328,,,,,2063,,14,9,32,,2074,,2080,2053,,9,3,14,1.9
RGI60-11.01335,8.2518,46.5998,RGI60-11.01335,2050,2037,,2043,2034,2059,5,1,11,2043,2035,2055,2039,2033,2046,0,0,0,0.05
RGI60-11.01336,8.36579,46.5992,RGI60-11.01336,2054,2045,2074,2048,2040,2060,0,0,2,2047,2040,2055,2042,2036,2049,0,0,0,0.01
RGI60-11.01338,8.42188,46.601,RGI60-11.01338,2043,2036,2053,2040,2034,2045,2,0,4,2039,2033,2042,2036,2031,2039,0,0,0,0.02
RGI60-11.01346,8.06736,46.5676,RGI60-11.01346,,,,,,,57,45,69,,,,,,,27,15,33,1.12
RGI60-11.01358,8.21162,46.5934,RGI60-11.01358,,,,,2068,,17,8,29,2060,2051,2080,2055,2046,2075,0,0,0,0.04
RGI60-11.01362,8.22907,46.5914,RGI60-11.01362,2050,2041,,2045,2038,2074,3,0,6,2043,2037,2056,2039,2035,2050,0,0,0,0.03
RGI60-11.01378,8.25277,46.5881,RGI60-11.01378,2066,2042,,2048,2037,2097,5,0,12,2049,2042,2063,2043,2037,2055,0,0,0,0.03
RGI60-11.01379,8.03406,46.5843,RGI60-11.01379,2071,2063,,2062,2049,,7,4,12,2052,2044,2065,2049,2041,2060,0,0,0,0.03
RGI60-11.01383,8.69868,46.5881,RGI60-11.01383,2038,2035,2053,2037,2034,2044,0,0,1,2036,2033,2042,2035,2032,2040,0,0,0,0.01
RGI60-11.01387,8.11432,46.5816,RGI60-11.01387,,,,,,,59,41,78,2090,2067,,2077,2064,,3,0,12,0.02
RGI60-11.01431,7.99013,46.5669,RGI60-11.01431,,,,,,,79,68,88,,,,,,,26,12,42,0.06
RGI60-11.01435,8.16056,46.57,RGI60-11.01435,2062,2048,,2051,2042,,7,3,16,2047,2038,2057,2044,2036,2050,0,0,0,0.01
RGI60-11.01445,7.97127,46.5543,RGI60-11.01445,,,,,,,58,48,63,,,,,,,22,16,29,0.06
RGI60-11.01450,8.01919,46.5028,RGI60-11.01450,,,,,,,36,28,45,,,,,2081,,12,9,19,9.61
RGI60-11.01468,7.95496,46.5469,RGI60-11.01468,,,,,,,84,67,93,,,,,,,23,13,34,0.08
RGI60-11.01473,10.6618,46.537,RGI60-11.01473,2054,2051,2062,2051,2045,2054,0,0,0,2048,2046,2052,2045,2043,2048,0,0,0,0.18
RGI60-11.01478,8.12141,46.5169,RGI60-11.01478,,,,,,,30,24,40,,2097,,2095,2066,,9,4,13,2.39
RGI60-11.01489,8.20217,46.5492,RGI60-11.01489,2069,2052,,2059,2042,,7,4,15,2049,2041,2061,2045,2037,2056,0,0,0,0.01
RGI60-11.01505,8.45169,46.5398,RGI60-11.01505,2049,2040,2087,2045,2037,2068,0,0,3,2044,2039,2058,2040,2035,2052,0,0,0,0.02
RGI60-11.01509,8.19757,46.5318,RGI60-11.01509,,2064,,,2043,,19,6,31,2064,2049,2088,2053,2043,2076,0,0,3,0.11
RGI60-11.01522,8.47606,46.5349,RGI60-11.01522,2035,2031,2044,2034,2030,2039,0,0,0,2033,2031,2039,2032,2030,2036,0,0,0,0.02
RGI60-11.01524,10.6411,46.5265,RGI60-11.01524,2040,2036,2044,2039,2035,2042,0,0,0,2036,2034,2041,2035,2032,2037,0,0,0,0.01
RGI60-11.01527,9.13927,46.5336,RGI60-11.01527,2043,2038,2063,2039,2036,2052,0,0,1,2039,2034,2048,2036,2032,2042,0,0,0,0.03
RGI60-11.01545,8.12508,46.5269,RGI60-11.01545,,2049,,2064,2042,,8,2,31,2050,2043,2060,2047,2038,2056,0,0,0,0.03
RGI60-11.01549,9.70465,46.5273,RGI60-11.01549,2050,2046,2071,2048,2042,2067,0,0,1,2045,2041,2051,2043,2039,2050,0,0,0,0.02
RGI60-11.01550,7.94604,46.5184,RGI60-11.01550,,,,,,,36,30,42,,,,,,,17,11,20,0.21
RGI60-11.01556,10.5372,46.5137,RGI60-11.01556,,,,,,,66,46,82,,2087,,2093,2072,,8,1,16,0.04
RGI60-11.01557,9.06276,46.5229,RGI60-11.01557,2050,2047,2088,2048,2043,2078,0,0,3,2046,2040,2054,2043,2039,2049,0,0,0,0.04
RGI60-11.01565,10.4774,46.5066,RGI60-11.01565,2070,2064,,2065,2061,,2,0,11,2056,2051,2067,2053,2048,2063,0,0,0,0.16
RGI60-11.01567,8.46645,46.5246,RGI60-11.01567,2063,2050,,2050,2042,,3,0,17,2050,2042,2063,2043,2038,2057,0,0,0,0.02
RGI60-11.01570,10.5238,46.5034,RGI60-11.01570,,,,,,,36,26,53,2077,2066,,2064,2053,2085,3,0,6,0.08
RGI60-11.01576,8.20236,46.5151,RGI60-11.01576,2049,2042,2071,2046,2040,2059,1,0,5,2045,2039,2052,2043,2037,2050,0,0,0,0.06
RGI60-11.01587,10.5018,46.5025,RGI60-11.01587,,,,,,,35,24,52,2069,2064,2092,2065,2055,2089,0,0,1,0.02
RGI60-11.01604,10.5695,46.4932,RGI60-11.01604,,,,,2064,,23,10,44,,2061,,2093,2053,,10,1,14,0.16
RGI60-11.01621,7.76925,46.4997,RGI60-11.01621,,,,,,,43,27,51,,2074,,2084,2064,2099,8,4,10,0.09
RGI60-11.01622,7.83604,46.4939,RGI60-11.01622,,,,2069,2058,,10,7,12,2068,2058,2081,2056,2049,2065,1,0,2,0.15
RGI60-11.01623,8.19263,46.5062,RGI60-11.01623,2059,2039,,2047,2037,,5,0,16,2045,2037,2062,2042,2034,2055,0,0,0,0.02
RGI60-11.01629,7.92523,46.5055,RGI60-11.01629,,,,,,,52,41,63,,2066,,2074,2061,,7,4,13,0.01
RGI60-11.01631,10.4606,46.5001,RGI60-11.01631,2070,2060,,2064,2055,,3,0,19,2051,2046,2065,2049,2044,2060,0,0,0,0.05
RGI60-11.01635,9.03752,46.5045,RGI60-11.01635,,,,,,,38,22,57,2081,2066,,2065,2053,2088,1,0,7,0.02
RGI60-11.01648,7.9187,46.5019,RGI60-11.01648,,,,,,,54,40,68,,2066,,2074,2062,,6,3,12,0.01
RGI60-11.01656,7.78521,46.4976,RGI60-11.01656,,,,,2064,,32,18,42,2071,2059,2093,2056,2048,2074,1,0,4,0.01
RGI60-11.01663,10.5374,46.493,RGI60-11.01663,,,,,2060,,19,6,33,2061,2052,2081,2054,2049,2074,0,0,1,0.03
RGI60-11.01666,7.90282,46.4956,RGI60-11.01666,,,,,,,73,61,80,,,,,,,40,27,45,0.03
RGI60-11.01669,10.4947,46.4941,RGI60-11.01669,2040,2034,2052,2036,2033,2042,0,0,0,2036,2032,2042,2033,2030,2038,0,0,0,0.01
RGI60-11.01678,7.86595,46.4878,RGI60-11.01678,,,,,,,51,38,57,,2093,,,2073,,11,5,19,0.09
RGI60-11.01688,7.88926,46.4925,RGI60-11.01688,,2068,,,2051,,16,10,22,2061,2053,2088,2052,2048,2065,2,1,3,0.01
RGI60-11.01698,7.93185,46.4729,RGI60-11.01698,,,,,,,37,26,48,,,,,,,15,11,19,0.45
RGI60-11.01701,9.0331,46.4972,RGI60-11.01701,2066,2047,,2055,2042,,6,0,17,2048,2039,2061,2044,2038,2055,0,0,0,0.01
RGI60-11.01702,7.8027,46.4754,RGI60-11.01702,2077,2064,,2062,2056,,4,1,14,2058,2053,2077,2053,2049,2065,0,0,1,0.79
RGI60-11.01710,8.08916,46.4907,RGI60-11.01710,2063,2040,,2051,2038,,8,1,22,2047,2037,2056,2044,2035,2048,0,0,0,0.01
RGI60-11.01715,10.5466,46.484,RGI60-11.01715,2042,2038,2059,2040,2036,2052,0,0,0,2038,2035,2044,2036,2034,2042,0,0,0,0.03
RGI60-11.01716,7.76216,46.4883,RGI60-11.01716,,,,,,,73,61,80,,,,,2092,,21,9,32,0.01
RGI60-11.01719,8.11417,46.4866,RGI60-11.01719,,,,,,,37,25,57,,2080,,2092,2065,,9,4,14,0.07
RGI60-11.01738,10.5973,46.4754,RGI60-11.01738,,,,,,,22,12,36,2068,2061,2086,2058,2051,2072,0,0,3,0.02
RGI60-11.01746,9.0687,46.4855,RGI60-11.01746,2059,2051,,2049,2047,,5,1,14,2047,2040,2060,2044,2039,2051,0,0,0,0.03
RGI60-11.01750,7.90589,46.478,RGI60-11.01750,,,,,,,46,28,54,,2066,,2077,2061,2100,6,3,10,0.03
RGI60-11.01753,9.05441,46.4833,RGI60-11.01753,2039,2037,2041,2037,2036,2040,0,0,0,2037,2034,2039,2036,2033,2037,0,0,0,0.03
RGI60-11.01755,10.5576,46.4757,RGI60-11.01755,2047,2045,2068,2045,2042,2062,0,0,1,2042,2039,2050,2040,2038,2049,0,0,0,0.01
RGI60-11.01757,7.74529,46.4781,RGI60-11.01757,2053,2045,,2045,2039,2071,1,0,9,2045,2039,2057,2040,2036,2047,0,0,0,0.01
RGI60-11.01760,7.73236,46.4755,RGI60-11.01760,,,,,,,58,47,68,,,,,,,17,11,23,0.02
RGI60-11.01762,8.09919,46.4796,RGI60-11.01762,,,,,2068,,37,15,50,2070,2058,,2058,2050,2087,0,0,6,0.01
RGI60-11.01765,10.7127,46.4683,RGI60-11.01765,2044,2040,2072,2041,2039,2063,0,0,1,2039,2037,2048,2038,2036,2045,0,0,0,0.03
RGI60-11.01766,9.08269,46.4821,RGI60-11.01766,2045,2041,2084,2043,2038,2068,0,0,2,2041,2035,2048,2039,2033,2045,0,0,0,0.02
RGI60-11.01769,9.10164,46.4837,RGI60-11.01769,2063,2055,,2055,2048,2097,4,2,10,2049,2044,2060,2045,2042,2055,0,0,0,0.02
RGI60-11.01776,10.6115,46.4674,RGI60-11.01776,2064,2058,,2061,2054,2090,0,0,7,2053,2051,2067,2050,2048,2063,0,0,0,0.07
RGI60-11.01786,7.85954,46.4733,RGI60-11.01786,2046,2041,2082,2044,2039,2063,0,0,3,2043,2038,2051,2040,2036,2049,0,0,0,0.02
RGI60-11.01790,10.7002,46.4643,RGI60-11.01790,2045,2040,2057,2043,2039,2047,0,0,1,2040,2037,2048,2039,2036,2042,0,0,0,0.02
RGI60-11.01791,7.82572,46.4632,RGI60-11.01791,2084,2072,,2068,2063,,3,0,11,2064,2058,2071,2057,2051,2065,0,0,0,0.18
RGI60-11.01797,8.01614,46.459,RGI60-11.01797,,,,,,,28,17,54,,2074,,2075,2058,,8,3,13,0.24
RGI60-11.01806,10.634,46.456,Zufallferner,,,,,2064,,12,8,22,2064,2055,2084,2055,2050,2067,1,0,3,0.21
RGI60-11.01813,10.6806,46.4565,RGI60-11.01813,2044,2040,2065,2041,2039,2052,0,0,2,2039,2036,2049,2038,2036,2044,0,0,0,0.04
RGI60-11.01827,7.97735,46.4173,RGI60-11.01827,,,,,,,25,13,34,,2097,,2075,2061,,9,5,12,1.03
RGI60-11.01834,10.7085,46.4512,Careser,2047,2044,2053,2044,2043,2050,0,0,0,2044,2042,2048,2042,2040,2045,0,0,0,0.13
RGI60-11.01840,10.6073,46.4503,RGI60-11.01840,,,,,,,45,23,56,2087,2080,,2081,2073,2097,1,0,8,0.1
RGI60-11.01857,7.7883,46.448,RGI60-11.01857,2049,2045,2060,2043,2037,2051,0,0,0,2046,2041,2051,2039,2035,2044,0,0,0,0.02
RGI60-11.01863,10.6286,46.4337,La Mare,,2066,,,2052,,13,4,21,2059,2051,2077,2051,2045,2061,0,0,2,0.16
RGI60-11.01868,8.47167,46.4518,RGI60-11.01868,2038,2032,2045,2035,2031,2040,0,0,0,2034,2031,2039,2032,2030,2035,0,0,0,0.01
RGI60-11.01876,8.33019,46.4383,Gries,2073,2060,,2067,2054,,2,1,18,2060,2053,2075,2056,2051,2070,0,0,0,0.3
RGI60-11.01885,7.68726,46.4331,RGI60-11.01885,,,,,,,82,73,91,,,,,,,35,27,48,0.04
RGI60-11.01892,7.96087,46.4444,RGI60-11.01892,,,,,,,74,66,82,,,,,,,48,38,56,0.03
RGI60-11.01902,8.01744,46.4376,RGI60-11.01902,,,,,2073,,33,13,51,2074,2065,2098,2065,2055,2088,0,0,5,0.03
RGI60-11.01912,8.00827,46.4303,RGI60-11.01912,,2055,,2071,2043,,12,2,29,2057,2048,2069,2050,2042,2065,0,0,1,0.06
RGI60-11.01920,10.6109,46.4245,RGI60-11.01920,,,,,,,40,15,56,2071,2065,2092,2065,2054,2084,0,0,2,0.02
RGI60-11.01934,7.67178,46.4187,RGI60-11.01934,,,,,,,67,53,74,,,,,,,28,16,39,0.02
RGI60-11.01935,10.279,46.4226,RGI60-11.01935,,2060,,,2047,,17,5,30,2053,2047,2071,2047,2040,2056,0,0,1,0.01
RGI60-11.01942,10.6269,46.4148,RGI60-11.01942,,2097,,,2056,,19,5,28,2063,2052,2079,2052,2045,2066,0,0,1,0.04
RGI60-11.01943,7.54166,46.4169,RGI60-11.01943,,,,,,,38,30,48,,2086,,,2074,,12,1,18,0.02
RGI60-11.01946,9.92523,46.3891,RGI60-11.01946,,,,,,,35,26,56,,,,,2099,,16,10,25,0.91
RGI60-11.01948,10.6072,46.4136,RGI60-11.01948,,2059,,2069,2053,,8,1,18,2054,2049,2067,2051,2045,2061,0,0,0,0.04
RGI60-11.01962,9.8243,46.419,RGI60-11.01962,2067,2056,,2061,2051,,3,0,12,2051,2045,2062,2048,2042,2058,0,0,0,0.01
RGI60-11.01968,9.89193,46.4182,RGI60-11.01968,2063,2049,,2050,2046,2085,3,0,8,2048,2041,2060,2043,2039,2053,0,0,0,0.02
RGI60-11.01971,7.57197,46.4129,RGI60-11.01971,2042,2039,2044,2040,2037,2041,0,0,0,2039,2037,2042,2038,2035,2041,0,0,0,0.01
RGI60-11.01974,10.5897,46.3918,RGI60-11.01974,,2080,,2089,2065,,9,5,23,2065,2058,2080,2058,2052,2071,0,0,1,0.48
RGI60-11.01980,10.6347,46.4059,RGI60-11.01980,,,,,2076,,36,8,47,2069,2064,2088,2064,2058,2079,0,0,1,0.04
RGI60-11.01986,7.89304,46.4062,RGI60-11.01986,,,,,2047,,13,9,21,2068,2052,2089,2052,2043,2063,1,0,4,0.04
RGI60-11.01987,8.4812,46.416,Basodino,2076,2058,,2063,2048,,5,1,15,2056,2049,2065,2051,2045,2060,0,0,0,0.06
RGI60-11.01990,7.54258,46.4026,RGI60-11.01990,2065,2054,,2052,2047,,1,0,11,2054,2047,2067,2048,2042,2058,0,0,0,0.07
RGI60-11.02006,7.86782,46.3979,RGI60-11.02006,,2050,,2054,2043,,9,6,14,2054,2045,2065,2047,2039,2053,0,0,1,0.12
RGI60-11.02012,8.30509,46.4095,RGI60-11.02012,2037,2033,2067,2034,2030,2059,0,0,3,2035,2031,2044,2031,2030,2039,0,0,0,0.02
RGI60-11.02051,9.88519,46.3887,RGI60-11.02051,,,,,,,47,29,67,,,,,2072,,12,6,20,0.24
RGI60-11.02064,8.32631,46.395,RGI60-11.02064,2045,2038,2062,2042,2036,2053,2,0,3,2042,2038,2049,2040,2036,2045,0,0,0,0.09
RGI60-11.02072,7.51198,46.3839,RGI60-11.02072,2073,2067,2082,2070,2064,2078,0,0,0,2067,2061,2071,2064,2059,2068,0,0,0,0.79
RGI60-11.02073,7.83706,46.3946,RGI60-11.02073,,,,,,,57,30,76,2086,2064,,2072,2061,2090,3,1,7,0.01
RGI60-11.02075,9.9927,46.3929,RGI60-11.02075,2066,2054,,2058,2049,,4,0,16,2049,2043,2061,2046,2041,2058,0,0,0,0.03
RGI60-11.02113,10.5521,46.3764,RGI60-11.02113,2083,2063,,2069,2058,,4,0,16,2056,2051,2072,2053,2050,2066,0,0,0,0.1
RGI60-11.02119,9.84772,46.3727,RGI60-11.02119,,,,,,,39,21,53,2087,2070,,2071,2063,2091,3,0,7,0.28
RGI60-11.02131,7.48255,46.3797,RGI60-11.02131,2062,2051,2066,2058,2048,2063,0,0,0,2057,2053,2063,2054,2050,2060,0,0,0,0.01
RGI60-11.02144,9.97822,46.3679,RGI60-11.02144,,,,,,,40,25,55,,2089,,,2075,,11,1,14,0.2
RGI60-11.02154,9.82164,46.3799,RGI60-11.02154,2064,2055,,2059,2051,,2,0,14,2050,2043,2060,2048,2041,2056,0,0,0,0.01
RGI60-11.02165,7.80403,46.3729,RGI60-11.02165,2047,2042,2068,2044,2038,2060,0,0,1,2044,2039,2052,2041,2036,2049,0,0,0,0.01
RGI60-11.02168,7.37486,46.3652,RGI60-11.02168,2049,2045,2068,2046,2042,2053,0,0,4,2045,2040,2054,2043,2038,2048,0,0,0,0.03
RGI60-11.02172,9.90219,46.3651,RGI60-11.02172,,,,2059,2052,,10,6,14,2066,2053,2089,2051,2047,2056,3,1,5,0.22
RGI60-11.02173,9.95534,46.3628,RGI60-11.02173,,,,,,,69,38,81,,2086,,2098,2081,,8,0,25,0.37
RGI60-11.02187,7.37784,46.3601,RGI60-11.02187,2050,2046,2068,2046,2042,2059,0,0,2,2046,2040,2055,2043,2038,2048,0,0,0,0.01
RGI60-11.02194,9.9319,46.3536,RGI60-11.02194,,,,,2068,,14,8,24,2076,2064,2096,2056,2050,2065,3,0,4,0.2
RGI60-11.02195,9.81868,46.3598,RGI60-11.02195,2045,2041,2071,2043,2038,2063,0,0,1,2040,2037,2049,2038,2035,2045,0,0,0,0.05
RGI60-11.02197,7.36835,46.3538,RGI60-11.02197,2042,2036,2051,2039,2034,2046,0,0,0,2038,2034,2042,2036,2031,2040,0,0,0,0.02
RGI60-11.02208,9.77967,46.3533,RGI60-11.02208,2062,2049,,2049,2045,,4,1,16,2047,2039,2056,2043,2038,2050,0,0,0,0.01
RGI60-11.02209,9.84626,46.3516,RGI60-11.02209,2056,2049,,2046,2042,2070,2,0,6,2046,2042,2057,2042,2039,2049,0,0,0,0.18
RGI60-11.02222,9.772,46.3434,RGI60-11.02222,2059,2046,,2046,2041,2064,3,1,8,2044,2039,2056,2040,2037,2048,0,0,0,0.06
RGI60-11.02245,9.70108,46.3085,RGI60-11.02245,,2059,,2058,2046,,9,3,18,2056,2049,2064,2047,2043,2053,0,0,1,0.29
RGI60-11.02249,7.22536,46.3202,RGI60-11.02249,2047,2044,2063,2045,2042,2059,0,0,0,2044,2041,2049,2042,2040,2047,0,0,0,0.12
RGI60-11.02261,7.20068,46.3092,RGI60-11.02261,2054,2047,2089,2050,2043,2076,0,0,3,2047,2041,2057,2045,2039,2054,0,0,0,0.03
RGI60-11.02268,9.67847,46.3185,RGI60-11.02268,2056,2045,,2045,2040,2054,6,2,11,2044,2039,2050,2039,2036,2043,0,0,1,0.02
RGI60-11.02282,9.66813,46.3094,RGI60-11.02282,,,,,2067,,20,7,48,2059,2052,2077,2057,2050,2072,0,0,0,0.04
RGI60-11.02285,9.64185,46.2987,RGI60-11.02285,2054,2047,2069,2046,2044,2059,3,1,5,2048,2044,2055,2044,2042,2048,0,0,0,0.09
RGI60-11.02293,9.61635,46.2974,RGI60-11.02293,,,,,,,64,56,73,,,,,,,21,15,29,0.04
RGI60-11.02308,9.71972,46.2974,RGI60-11.02308,2047,2041,2063,2045,2039,2052,4,1,10,2042,2037,2043,2039,2034,2042,0,0,0,0.01
RGI60-11.02319,9.98555,46.2834,RGI60-11.02319,2041,2037,2056,2039,2035,2047,0,0,1,2038,2033,2045,2034,2032,2042,0,0,0,0.03
RGI60-11.02337,9.74445,46.2801,RGI60-11.02337,,,,,,,37,22,51,,2067,,2068,2056,2099,6,3,10,0.07
RGI60-11.02351,9.76979,46.2707,RGI60-11.02351,,,,,,,47,34,69,,,,,2088,,19,8,27,0.05
RGI60-11.02353,9.764,46.2773,RGI60-11.02353,,2064,,2072,2060,,7,2,39,2056,2050,2073,2054,2047,2067,0,0,0,0.01
RGI60-11.02357,9.74098,46.2622,RGI60-11.02357,,,,,,,33,24,44,2086,2066,,2068,2057,2092,3,0,8,0.02
RGI60-11.02366,8.09529,46.2544,RGI60-11.02366,,2060,,,2051,,17,8,25,2057,2045,2069,2053,2041,2063,0,0,0,0.01
RGI60-11.02370,8.08461,46.25,RGI60-11.02370,2066,2053,,2059,2050,,4,0,14,2052,2044,2063,2049,2043,2058,0,0,0,0.06
RGI60-11.02385,8.09834,46.2412,RGI60-11.02385,2046,2039,2083,2044,2037,2065,0,0,3,2043,2037,2050,2039,2034,2047,0,0,0,0.07
RGI60-11.02388,10.6618,46.2295,Presanella,,2059,,2056,2045,,8,4,13,2051,2044,2058,2043,2038,2050,0,0,0,0.03
RGI60-11.02400,10.6457,46.2239,RGI60-11.02400,,,,,2058,,18,12,27,2061,2051,2082,2051,2044,2064,0,0,2,0.03
RGI60-11.02419,10.6784,46.2204,RGI60-11.02419,2035,2033,2037,2034,2031,2036,0,0,1,2034,2032,2035,2032,2031,2034,0,0,0,0.01
RGI60-11.02421,10.6594,46.2137,RGI60-11.02421,2054,2047,2077,2049,2043,2063,1,0,2,2045,2040,2052,2042,2039,2050,0,0,0,0.04
RGI60-11.02427,10.5295,46.1934,RGI60-11.02427,2058,2049,2097,2054,2046,2088,0,0,4,2048,2044,2065,2045,2041,2059,0,0,0,0.08
RGI60-11.02432,7.98542,46.1918,RGI60-11.02432,,2063,,2065,2053,,10,3,23,2056,2048,2076,2052,2043,2062,0,0,1,0.02
RGI60-11.02437,10.5408,46.1648,RGI60-11.02437,2057,2056,2068,2053,2051,2064,0,0,1,2052,2050,2058,2049,2047,2055,0,0,0,0.67
RGI60-11.02440,7.98862,46.184,RGI60-11.02440,2059,2052,2074,2054,2048,2063,2,0,3,2049,2044,2056,2048,2041,2052,0,0,0,0.02
RGI60-11.02442,8.00673,46.1788,RGI60-11.02442,,,,,,,67,50,81,,,,,,,23,19,29,0.05
RGI60-11.02443,10.5268,46.1781,RGI60-11.02443,2030,2029,2034,2029,2027,2032,0,0,0,2029,2028,2031,2028,2027,2030,0,0,0,0.01
RGI60-11.02460,10.5757,46.1541,RGI60-11.02460,2053,2051,2063,2048,2046,2056,1,0,2,2049,2046,2054,2046,2043,2050,0,0,0,0.36
RGI60-11.02464,7.99475,46.1684,RGI60-11.02464,,,,,,,55,41,64,,,,,2071,,17,8,27,0.04
RGI60-11.02474,8.00118,46.1624,RGI60-11.02474,,2059,,,2051,,11,1,29,2056,2046,2072,2052,2043,2067,0,0,0,0.02
RGI60-11.02477,10.5179,46.1474,RGI60-11.02477,2087,2082,2099,2078,2074,2090,0,0,4,2072,2069,2075,2065,2063,2069,0,0,0,0.52
RGI60-11.02483,7.74209,46.1561,RGI60-11.02483,2063,2049,,2054,2043,,3,0,12,2049,2041,2060,2047,2039,2055,0,0,0,0.02
RGI60-11.02488,8.01608,46.1582,RGI60-11.02488,,,,,,,34,24,49,,2071,,2073,2056,,8,6,11,0.01
RGI60-11.02490,7.69595,46.1296,RGI60-11.02490,,,,,,,60,37,69,,,,,2088,,17,10,27,0.31
RGI60-11.02495,7.85978,46.1289,RGI60-11.02495,,,,,,,71,45,77,,,,,2082,,15,7,33,0.5
RGI60-11.02496,7.87807,46.1468,RGI60-11.02496,,,,,,,69,54,76,,,,,2085,,19,6,37,0.06
RGI60-11.02507,7.72056,46.1344,RGI60-11.02507,,,,,,,25,16,37,,2071,,2073,2060,2093,6,4,8,0.35
RGI60-11.02512,8.01509,46.1453,RGI60-11.02512,2051,2046,,2048,2041,2073,4,0,9,2045,2036,2055,2042,2034,2049,0,0,0,0.01
RGI60-11.02515,10.5993,46.128,RGI60-11.02515,2049,2041,2084,2044,2038,2063,0,0,2,2043,2039,2056,2040,2036,2050,0,0,0,0.15
RGI60-11.02525,6.90719,46.1289,RGI60-11.02525,,2084,,,2076,,13,2,38,2067,2062,2085,2062,2056,2081,0,0,1,0.03
RGI60-11.02529,8.02932,46.1324,RGI60-11.02529,,,,,2051,,16,8,25,2061,2049,2073,2052,2044,2064,2,1,3,0.07
RGI60-11.02534,7.74509,46.1341,RGI60-11.02534,,2068,,,2062,,22,8,28,2061,2054,2072,2057,2050,2066,1,0,2,0.03
RGI60-11.02540,7.99876,46.1329,RGI60-11.02540,,,,,,,41,29,47,,,,,2070,,13,9,17,0.06
RGI60-11.02544,7.88887,46.1296,RGI60-11.02544,,,,,2059,,19,8,25,2061,2051,2076,2053,2044,2065,0,0,2,0.04
RGI60-11.02549,7.68621,46.1256,RGI60-11.02549,2064,2053,,2061,2050,2082,3,0,6,2052,2046,2067,2050,2044,2063,0,0,0,0.01
RGI60-11.02552,8.04234,46.1279,RGI60-11.02552,,2097,,,2066,,26,9,50,2059,2052,2076,2057,2048,2071,0,0,1,0.02
RGI60-11.02558,7.73103,46.1101,RGI60-11.02558,,,,,,,79,56,87,,,,,,,26,19,35,0.21
RGI60-11.02566,7.88092,46.1129,RGI60-11.02566,,,,,,,72,32,82,,2072,,2084,2069,,9,4,14,0.06
RGI60-11.02569,7.84766,46.107,RGI60-11.02569,,,,,,,80,55,91,,,,,,,27,14,37,0.17
RGI60-11.02570,7.69293,46.1111,RGI60-11.02570,,,,,,,32,12,39,2074,2065,2095,2065,2056,2080,0,0,4,0.07
RGI60-11.02578,8.04072,46.1059,RGI60-11.02578,,,,,2066,,49,17,65,2070,2058,2092,2064,2055,2085,0,0,3,0.03
RGI60-11.02584,7.59752,46.0763,RGI60-11.02584,,,,,,,45,33,53,,2090,,,2079,,13,4,24,0.26
RGI60-11.02586,7.83836,46.0978,RGI60-11.02586,,,,,,,47,29,57,,,,,2066,,13,6,19,0.08
RGI60-11.02590,7.69476,46.0945,RGI60-11.02590,2057,2047,,2048,2042,2060,6,3,8,2048,2042,2056,2044,2039,2048,0,0,0,0.03
RGI60-11.02593,7.6781,46.0819,RGI60-11.02593,,,,,,,54,44,67,,,,,2082,,15,8,25,0.29
RGI60-11.02594,7.71539,46.0882,RGI60-11.02594,,,,,,,51,30,60,,2070,,2083,2065,,7,2,13,0.03
RGI60-11.02596,7.87852,46.0807,RGI60-11.02596,,,,,,,75,60,82,,,,,,,32,26,40,0.29
RGI60-11.02600,7.30808,46.0841,RGI60-11.02600,2041,2035,2049,2039,2035,2044,0,0,0,2039,2035,2042,2037,2033,2041,0,0,0,0.02
RGI60-11.02607,7.84181,46.0893,RGI60-11.02607,,,,,,,71,47,83,,,,,,,19,11,27,0.05
RGI60-11.02623,7.44283,46.075,RGI60-11.02623,2076,2063,,2069,2058,,2,0,16,2056,2050,2073,2054,2048,2068,0,0,0,0.05
RGI60-11.02624,7.89604,46.0647,RGI60-11.02624,,,,,,,55,44,64,,,,,,,26,19,30,0.5
RGI60-11.02627,7.83641,46.0835,RGI60-11.02627,2061,2046,,2053,2042,2062,5,0,8,2046,2040,2053,2044,2039,2048,0,0,0,0.03
RGI60-11.02628,8.01879,46.0819,RGI60-11.02628,2048,2041,2074,2045,2039,2054,1,0,4,2044,2036,2050,2042,2035,2046,0,0,0,0.02
RGI60-11.02630,7.62725,46.0344,RGI60-11.02630,,,,,,,41,26,53,,,,,2066,,10,5,17,0.69
RGI60-11.02634,7.35807,46.0695,RGI60-11.02634,2045,2040,2063,2044,2038,2053,0,0,0,2042,2037,2047,2040,2036,2044,0,0,0,0.03
RGI60-11.02640,7.34321,46.0691,RGI60-11.02640,2044,2040,2060,2042,2037,2051,0,0,0,2040,2036,2046,2039,2035,2043,0,0,0,0.03
RGI60-11.02645,7.7125,46.0685,RGI60-11.02645,,,,,,,74,53,81,,2100,,,2091,,28,5,45,0.18
RGI60-11.02652,7.85562,46.0723,RGI60-11.02652,,,,,,,48,26,68,,2066,,2074,2062,,7,3,11,0.03
RGI60-11.02663,7.43995,46.062,RGI60-11.02663,2054,2043,2078,2049,2041,2065,0,0,2,2045,2039,2056,2043,2037,2054,0,0,0,0.01
RGI60-11.02669,7.72923,46.0588,RGI60-11.02669,2049,2042,2097,2045,2039,2062,0,0,5,2044,2037,2052,2042,2034,2049,0,0,0,0.02
RGI60-11.02670,7.85133,46.0631,RGI60-11.02670,,,,,2064,,26,14,35,2070,2059,2092,2057,2050,2068,1,0,4,0.02
RGI60-11.02673,7.60252,46.0581,RGI60-11.02673,2076,2065,,2073,2062,,1,0,21,2060,2051,2073,2057,2049,2072,0,0,0,0.02
RGI60-11.02676,7.68909,46.0488,RGI60-11.02676,,,,,,,21,13,26,2098,2067,,2065,2059,2081,5,2,7,0.11
RGI60-11.02678,7.7066,46.055,RGI60-11.02678,2051,2040,2068,2048,2038,2059,0,0,2,2043,2038,2056,2042,2036,2050,0,0,0,0.02
RGI60-11.02679,7.9131,46.055,RGI60-11.02679,,,,,,,24,16,30,2096,2066,,2064,2053,2084,5,3,8,0.09
RGI60-11.02680,7.59674,46.0526,RGI60-11.02680,,2068,,,2053,,18,6,24,2061,2052,2087,2053,2044,2065,0,0,3,0.03
RGI60-11.02691,7.36398,46.0453,RGI60-11.02691,2045,2038,2060,2041,2037,2047,1,0,2,2041,2035,2051,2038,2033,2043,0,0,0,0.02
RGI60-11.02695,7.86467,46.0523,RGI60-11.02695,,2086,,,2064,,29,5,39,2066,2060,2090,2060,2052,2085,0,0,2,0.03
RGI60-11.02704,7.90949,46.0336,RGI60-11.02704,,,,,,,41,30,48,,,,,2071,,11,7,17,0.58
RGI60-11.02706,7.59873,46.0404,RGI60-11.02706,,2095,,,2063,,23,4,29,2063,2055,2077,2058,2050,2070,0,0,0,0.03
RGI60-11.02709,7.54822,46.0063,RGI60-11.02709,,,,,,,39,19,49,2096,2079,,2083,2071,,4,1,11,0.73
RGI60-11.02711,7.87306,46.0356,RGI60-11.02711,,,,,,,30,16,43,2088,2066,,2067,2058,2084,4,2,7,0.25
RGI60-11.02715,7.58038,46.0109,RGI60-11.02715,,,,,,,57,31,66,,2081,,2095,2074,,8,2,23,0.55
RGI60-11.02718,7.68649,46.0334,RGI60-11.02718,,,,,2066,,23,13,30,2074,2064,,2061,2051,2077,1,0,6,0.05
RGI60-11.02726,7.65695,46.0296,RGI60-11.02726,2053,2042,2062,2049,2040,2057,2,0,5,2045,2038,2050,2043,2037,2048,0,0,0,0.03
RGI60-11.02730,7.60054,46.0297,RGI60-11.02730,,,,,,,69,54,77,,,,,,,40,34,44,0.02
RGI60-11.02734,7.59435,46.0254,RGI60-11.02734,,,,,,,39,25,46,,2071,,2085,2065,,7,3,12,0.04
RGI60-11.02737,7.64189,46.0222,RGI60-11.02737,2076,2060,,2066,2054,,4,0,13,2056,2050,2070,2053,2047,2065,0,0,0,0.1
RGI60-11.02739,7.6392,45.9773,RGI60-11.02739,,,,,,,39,28,46,,,,,2077,,13,9,18,0.94
RGI60-11.02740,7.02634,45.9968,RGI60-11.02740,,2086,,,2077,,18,3,48,2070,2064,2089,2066,2061,2086,0,0,2,0.37
RGI60-11.02742,7.85984,46.0223,RGI60-11.02742,,,,,2065,,29,13,39,2070,2060,,2061,2051,2081,1,0,6,0.05
RGI60-11.02743,7.38781,46.0174,RGI60-11.02743,2049,2040,,2046,2037,2062,3,1,8,2043,2036,2058,2040,2034,2049,0,0,0,0.02
RGI60-11.02746,7.92806,46.0081,RGI60-11.02746,,2064,,2065,2049,,11,5,16,2058,2048,2074,2050,2044,2061,1,0,2,0.31
RGI60-11.02749,7.42338,46.003,RGI60-11.02749,,,,2064,2053,,8,6,14,2067,2058,2085,2051,2047,2060,1,0,4,0.19
RGI60-11.02750,7.00937,46.0047,RGI60-11.02750,,2068,,2070,2059,,9,0,22,2057,2051,2076,2053,2045,2067,0,0,0,0.02
RGI60-11.02754,6.99896,46.0049,RGI60-11.02754,2069,2050,,2060,2048,2083,6,1,9,2050,2043,2065,2048,2041,2060,0,0,0,0.02
RGI60-11.02755,7.4485,45.997,RGI60-11.02755,,,,,,,71,61,76,,,,,,,35,24,58,0.17
RGI60-11.02760,7.39784,46.0099,RGI60-11.02760,2046,2037,2058,2040,2034,2047,0,0,2,2039,2033,2050,2035,2031,2042,0,0,0,0.02
RGI60-11.02762,7.86964,46.0179,RGI60-11.02762,,2064,,,2059,,17,4,40,2056,2045,2072,2052,2043,2069,0,0,0,0.01
RGI60-11.02764,7.87661,46.0124,RGI60-11.02764,,,,,,,30,16,40,2088,2065,,2066,2055,2086,4,2,7,0.09
RGI60-11.02766,7.29108,45.9647,RGI60-11.02766,,,,,,,35,23,43,,,,,2075,,10,7,14,1.29
RGI60-11.02769,7.91397,46.0128,RGI60-11.02769,2044,2036,2054,2041,2036,2045,3,1,6,2038,2033,2044,2036,2032,2041,0,0,0,0.01
RGI60-11.02771,7.4697,45.9969,RGI60-11.02771,,,,,,,18,12,24,,2081,,2064,2056,,8,4,10,0.04
RGI60-11.02773,7.87051,45.9936,RGI60-11.02773,,,,,2084,,22,8,33,2077,2067,2098,2069,2061,2084,1,0,5,1.05
RGI60-11.02774,7.38888,45.9921,RGI60-11.02774,2087,2073,,2078,2068,2089,3,2,6,2068,2063,2077,2064,2060,2071,0,0,1,0.39
RGI60-11.02775,7.05226,45.9964,RGI60-11.02775,2064,2053,,2056,2048,,0,0,18,2053,2048,2069,2049,2043,2063,0,0,0,0.04
RGI60-11.02776,7.89766,46.0078,RGI60-11.02776,2092,2065,,2076,2061,,5,0,45,2055,2044,2070,2051,2042,2066,0,0,0,0.02
RGI60-11.02780,7.95058,46.0021,RGI60-11.02780,2045,2041,2063,2044,2040,2052,0,0,2,2042,2037,2049,2040,2036,2048,0,0,0,0.04
RGI60-11.02781,7.26611,45.9918,RGI60-11.02781,,,,,,,42,30,50,,,,,2067,,14,6,22,0.02
RGI60-11.02785,7.27681,45.9886,RGI60-11.02785,2069,2050,,2064,2048,2078,3,0,8,2051,2045,2065,2049,2042,2062,0,0,0,0.01
RGI60-11.02787,7.48851,45.9746,RGI60-11.02787,,,,,2083,,14,8,28,2082,2069,,2073,2065,2088,1,0,5,0.39
RGI60-11.02793,7.03987,45.9694,RGI60-11.02793,,2063,,2065,2052,,10,7,18,2060,2053,2080,2053,2048,2069,2,1,3,0.29
RGI60-11.02796,7.40374,45.958,RGI60-11.02796,,,,,,,27,18,40,2098,2069,,2083,2063,,4,1,14,0.38
RGI60-11.02801,7.45732,45.9566,RGI60-11.02801,2064,2054,,2054,2050,2092,5,3,8,2054,2051,2074,2050,2048,2056,1,0,3,0.8
RGI60-11.02803,7.82477,45.9897,RGI60-11.02803,2069,2052,,2058,2041,,6,0,16,2051,2042,2065,2045,2037,2057,0,0,0,0.01
RGI60-11.02805,7.66061,45.9862,RGI60-11.02805,,,,,2064,,33,13,43,2067,2055,2088,2058,2050,2072,1,1,3,0.04
RGI60-11.02810,7.52551,45.967,RGI60-11.02810,2047,2042,2058,2043,2039,2047,2,1,5,2045,2040,2050,2040,2039,2043,0,0,0,0.14
RGI60-11.02812,7.56221,45.9789,RGI60-11.02812,,,,,,,22,14,26,2084,2067,,2067,2060,2095,2,0,9,0.17
RGI60-11.02814,7.25951,45.9701,RGI60-11.02814,,2065,,,2059,,12,3,18,2057,2050,2080,2054,2048,2069,0,0,1,0.06
RGI60-11.02819,7.69639,45.9647,RGI60-11.02819,2059,2047,2075,2050,2043,2062,2,0,4,2052,2046,2059,2048,2042,2052,0,0,0,0.28
RGI60-11.02822,7.80309,45.9502,RGI60-11.02822,,,,,,,50,44,60,,,,,,,29,22,34,5
RGI60-11.02827,7.4014,45.9734,RGI60-11.02827,2061,2040,,2054,2038,2071,2,0,8,2048,2039,2061,2045,2038,2051,0,0,0,0.02
RGI60-11.02843,7.58672,45.9573,RGI60-11.02843,,,,,,,39,25,50,,2079,,2088,2071,,8,5,13,0.28
RGI60-11.02851,7.62111,45.9633,RGI60-11.02851,2041,2033,2059,2037,2031,2045,0,0,3,2037,2032,2043,2034,2031,2039,0,0,0,0.01
RGI60-11.02858,7.89835,45.9415,Belvedere,,,,,,,58,46,77,,,,,,,45,30,57,0.2
RGI60-11.02861,7.60893,45.9574,RGI60-11.02861,,,,,2064,,31,15,42,2067,2053,2087,2061,2050,2076,1,0,3,0.02
RGI60-11.02864,7.04919,45.9488,RGI60-11.02864,,,,,,,36,29,46,2096,2070,,2083,2064,,4,0,16,0.02
RGI60-11.02866,7.33093,45.9466,RGI60-11.02866,2051,2046,,2045,2041,2049,2,0,7,2048,2042,2058,2042,2039,2045,0,0,0,0.05
RGI60-11.02869,7.83472,45.9543,RGI60-11.02869,,,,,,,44,30,48,,2074,,2096,2067,,9,2,17,0.05
RGI60-11.02872,7.52618,45.948,RGI60-11.02872,2045,2036,2052,2037,2034,2041,0,0,3,2039,2035,2043,2035,2032,2038,0,0,0,0.02
RGI60-11.02883,7.88943,45.9489,RGI60-11.02883,,,,,,,78,68,86,,,,,,,35,17,52,0.01
RGI60-11.02884,7.0521,45.9338,RGI60-11.02884,,,,,,,50,38,60,,,,,,,19,14,26,0.05
RGI60-11.02890,7.32284,45.9244,RGI60-11.02890,,,,,,,24,14,32,,2086,,2089,2064,,8,4,15,0.31
RGI60-11.02898,7.42981,45.9264,RGI60-11.02898,2051,2043,2062,2047,2041,2053,1,0,2,2046,2041,2055,2043,2039,2049,0,0,0,0.05
RGI60-11.02901,7.29038,45.927,RGI60-11.02901,,2076,,,2064,,15,7,32,2064,2057,2082,2058,2052,2071,0,0,2,0.03
RGI60-11.02902,7.76432,45.9293,RGI60-11.02902,,,,,,,60,38,76,,2075,,,2071,,11,3,24,0.32
RGI60-11.02909,7.06063,45.9199,RGI60-11.02909,,,,,,,28,19,41,2090,2064,,2065,2056,,4,2,11,0.02
RGI60-11.02910,7.91822,45.9288,RGI60-11.02910,,,,,,,59,42,72,,2073,,,2065,,10,3,19,0.02
RGI60-11.02914,7.70413,45.9296,RGI60-11.02914,,2063,,2069,2052,,6,0,17,2061,2050,2074,2054,2044,2066,0,0,0,0.02
RGI60-11.02916,7.04408,45.9099,RGI60-11.02916,,,,,2075,,14,8,40,2074,2066,2098,2070,2063,2088,1,0,4,0.15
RGI60-11.02918,7.7237,45.9176,RGI60-11.02918,,,,,,,36,15,48,2087,2067,,2075,2060,,2,0,13,0.14
RGI60-11.02922,7.83422,45.8983,RGI60-11.02922,,,,,,,84,75,94,,,,,,,49,31,58,0.55
RGI60-11.02924,7.02179,45.8995,RGI60-11.02924,,2070,,2063,2051,,11,6,16,2058,2054,2082,2050,2045,2055,1,0,4,0.13
RGI60-11.02925,7.41068,45.9153,RGI60-11.02925,2053,2048,2059,2049,2044,2054,0,0,0,2048,2044,2054,2046,2042,2050,0,0,0,0.03
RGI60-11.02927,7.26255,45.9001,RGI60-11.02927,,,,,,,50,36,61,,2081,,,2071,,11,3,25,0.07
RGI60-11.02928,7.89524,45.9174,RGI60-11.02928,,,,,,,71,51,82,,,,,,,35,18,44,0.04
RGI60-11.02930,7.36373,45.9129,RGI60-11.02930,2055,2051,2063,2052,2049,2060,0,0,0,2052,2051,2059,2051,2048,2056,0,0,0,0.02
RGI60-11.02934,7.78249,45.9133,RGI60-11.02934,,,,,,,70,51,79,,,,,2075,,23,12,37,0.07
RGI60-11.02939,7.25089,45.9036,RGI60-11.02939,,,,,,,44,38,54,,,,,,,23,16,33,0.04
RGI60-11.02947,7.79792,45.908,RGI60-11.02947,,,,,,,30,13,42,2081,2063,,2069,2053,2085,1,0,6,0.07
RGI60-11.02950,7.87784,45.9081,RGI60-11.02950,,,,,,,74,61,84,,,,,,,32,16,42,0.06
RGI60-11.02964,7.37072,45.893,RGI60-11.02964,2063,2043,2089,2054,2041,2070,2,0,6,2050,2042,2064,2045,2039,2055,0,0,0,0.02
RGI60-11.02968,7.85917,45.8979,RGI60-11.02968,,,,,,,46,28,61,,2070,,,2065,,11,2,19,0.02
RGI60-11.02979,7.00714,45.8729,RGI60-11.02979,,,,,,,34,22,44,2094,2065,,2072,2060,,4,1,12,0.04
RGI60-11.02991,6.97697,45.8588,RGI60-11.02991,,,,,,,63,54,75,,,,,,,29,18,37,0.05
RGI60-11.03000,6.95462,45.8507,RGI60-11.03000,,2050,,2054,2041,,10,7,17,2051,2042,2063,2045,2037,2054,0,0,1,0.01
RGI60-11.03001,6.898,45.8297,RGI60-11.03001,,,,,,,84,72,91,,,,,,,60,50,75,0.47
RGI60-11.03002,6.92621,45.8416,RGI60-11.03002,2069,2048,,2055,2042,2075,6,3,11,2049,2042,2061,2045,2039,2055,0,0,0,0.02
RGI60-11.03005,6.84583,45.8129,RGI60-11.03005,,,,,,,54,43,76,,,,,,,39,25,51,0.79
RGI60-11.03013,6.88598,45.8124,RGI60-11.03013,,,,,,,71,66,82,,,,,,,29,16,43,0.04
RGI60-11.03014,6.87276,45.8091,RGI60-11.03014,,,,,,,68,56,78,,,,,,,29,19,39,0.04
RGI60-11.03020,6.81815,45.7844,RGI60-11.03020,,,,,,,56,45,67,,,,,2076,,15,6,27,0.15
RGI60-11.03039,7.00146,45.6483,RGI60-11.03039,,,,,2096,,18,7,33,2083,2072,,2075,2067,2093,0,0,8,0.48
RGI60-11.03047,7.03011,45.6488,RGI60-11.03047,2064,2052,,2056,2049,,1,0,11,2052,2044,2067,2049,2042,2063,0,0,0,0.04
RGI60-11.03066,7.27338,45.5964,RGI60-11.03066,2069,2060,2075,2063,2054,2070,1,0,3,2057,2052,2065,2053,2048,2060,0,0,0,0.1
RGI60-11.03067,7.26398,45.6035,RGI60-11.03067,2060,2045,2071,2054,2042,2062,2,0,3,2048,2040,2055,2046,2038,2050,0,0,0,0.01
RGI60-11.03081,7.06603,45.5595,RGI60-11.03081,,2063,,,2055,,12,6,24,2059,2053,2077,2054,2047,2066,0,0,2,0.04
RGI60-11.03084,7.27894,45.5592,RGI60-11.03084,2045,2037,2053,2043,2036,2047,0,0,0,2040,2034,2048,2037,2032,2043,0,0,0,0.01
RGI60-11.03090,7.26548,45.5488,RGI60-11.03090,2044,2037,2052,2041,2036,2045,0,0,1,2039,2034,2048,2037,2033,2043,0,0,0,0.01
RGI60-11.03101,7.27904,45.5398,RGI60-11.03101,,2080,,,2071,,15,1,30,2068,2060,2080,2063,2055,2074,0,0,0,0.05
RGI60-11.03102,6.9972,45.5334,RGI60-11.03102,,2062,,,2043,,16,5,36,2055,2048,2073,2052,2042,2069,0,0,1,0.01
RGI60-11.03103,7.26227,45.5364,RGI60-11.03103,2065,2041,,2046,2038,2065,7,4,12,2048,2039,2054,2041,2035,2045,0,0,1,0.02
RGI60-11.03110,7.28505,45.5249,RGI60-11.03110,,,,,,,42,23,56,2093,2076,,2085,2070,2098,2,1,9,0.29
RGI60-11.03111,7.34311,45.5289,RGI60-11.03111,,2090,,,2070,,16,4,28,2068,2058,2086,2063,2055,2079,0,0,2,0.1
RGI60-11.03114,7.25634,45.5228,RGI60-11.03114,,,,,,,47,35,59,,,,,2076,,15,8,24,0.08
RGI60-11.03118,7.37992,45.5241,RGI60-11.03118,2046,2042,2049,2044,2040,2045,0,0,1,2043,2040,2046,2041,2038,2043,0,0,0,0.02
RGI60-11.03120,7.31329,45.5207,RGI60-11.03120,,2059,,2066,2047,,14,5,21,2055,2049,2072,2050,2043,2065,0,0,1,0.01
RGI60-11.03124,7.02505,45.5051,RGI60-11.03124,2047,2042,2063,2044,2040,2050,0,0,1,2044,2040,2052,2042,2038,2047,0,0,0,0.13
RGI60-11.03146,7.27134,45.5054,RGI60-11.03146,2040,2037,2041,2038,2036,2040,0,0,0,2037,2034,2039,2036,2033,2038,0,0,0,0.02
RGI60-11.03147,7.0547,45.4958,RGI60-11.03147,2050,2045,2090,2046,2041,2078,0,0,3,2047,2041,2057,2043,2038,2051,0,0,0,0.07
RGI60-11.03148,7.25047,45.5009,RGI60-11.03148,,2051,,2046,2037,2064,8,4,12,2052,2042,2055,2041,2033,2049,1,0,2,0.03
RGI60-11.03154,7.06183,45.4812,RGI60-11.03154,2071,2062,,2060,2054,2078,2,1,7,2058,2053,2069,2052,2047,2061,0,0,0,0.13
RGI60-11.03164,7.10022,45.4738,RGI60-11.03164,,2060,,2061,2049,,6,1,11,2054,2046,2073,2048,2040,2061,0,0,0,0.05
RGI60-11.03174,7.16507,45.4182,RGI60-11.03174,2041,2036,2051,2039,2033,2047,0,0,1,2036,2031,2046,2035,2031,2043,0,0,0,0.02
RGI60-11.03182,7.11603,45.3349,RGI60-11.03182,,2067,,2062,2043,,10,4,17,2058,2050,2076,2049,2040,2058,0,0,1,0.09
RGI60-11.03184,7.14118,45.3358,RGI60-11.03184,2060,2048,2072,2056,2043,2066,0,0,1,2049,2042,2058,2047,2039,2055,0,0,0,0.02
RGI60-11.03190,7.13295,45.3262,RGI60-11.03190,2040,2036,2043,2038,2035,2042,0,0,0,2037,2033,2040,2035,2032,2038,0,0,0,0.01
RGI60-11.03254,6.408,44.9,FR4N01083B10-B12 Clot-de-l'Homme,,,,,,,79,61,87,,2088,,,2079,,16,2,52,0.03
RGI60-11.03259,6.747,45.337,FR4N01146C30+C32+C33 des Sonnailles/des Nants,,2083,,2093,2075,,7,0,28,2070,2062,2091,2066,2058,2083,0,0,0,0.08
RGI60-11.03261,6.883,45.518,FR4N01144G08 de la Martin,,,,,,,34,21,50,2086,2064,,2070,2056,2094,2,0,11,0.01
RGI60-11.03263,6.951,45.939,FR4N01236A03 du Nant Blanc,,,,,,,45,37,59,,2067,,2084,2064,,6,2,19,0.02
RGI60-11.03264,6.416,44.959,FR4N01084B02-B05+165A03 d'Arsine,,2089,,2080,2053,,11,5,16,2078,2061,,2055,2046,2064,4,1,7,0.06
RGI60-11.03272,6.284,45.012,FR4N01165E03 du Rateau,,,,,,,38,20,54,,2069,,2084,2061,,7,2,19,0.03
RGI60-11.03292,6.811,45.402,FR4N01146C20 des Grands Couloirs,,,,,,,56,44,72,,2079,,2094,2071,,6,1,31,0.02
RGI60-11.03295,6.843,45.417,FR4N01146B09 de Rosolin,2049,2045,2053,2046,2041,2049,0,0,0,2046,2044,2049,2043,2040,2046,0,0,0,0.02
RGI60-11.03297,6.988,45.515,FR4N01144C03 de la Sassiere,,2067,,2092,2060,,10,4,23,2058,2051,2080,2056,2049,2073,0,0,2,0.08
RGI60-11.03303,6.993,45.521,FR4N01144C02 du Fond 2,,,,,2048,,16,10,22,2063,2052,2085,2051,2040,2061,1,0,2,0.03
RGI60-11.03308,6.383,44.906,FR4N01083B15 Noir,,2068,,2064,2049,,8,2,15,2064,2059,2083,2056,2047,2061,1,0,3,0.15
RGI60-11.03312,7.048,45.284,FR4N01153C31 de Charbonnel,,,,,2065,,24,13,43,2065,2053,2086,2058,2049,2071,0,0,3,0.02
RGI60-11.03339,6.794,45.769,FR4N01144A18 des Glaciers,,,,,,,45,36,57,,2100,,,2070,,11,5,18,0.05
RGI60-11.03347,6.948,45.337,FR4N01152C11 du Vallonbrun,2074,2048,,2053,2040,,8,3,13,2049,2040,2064,2045,2036,2051,0,0,0,0.01
RGI60-11.03348,7.067,45.282,FR4N01153C30 de l'Ouille Mouta,2051,2047,2058,2049,2045,2056,0,0,1,2049,2044,2053,2047,2042,2050,0,0,0,0.01
RGI60-11.03359,6.85,45.532,FR4N01145015 du Geay,,,,,2075,,27,15,48,2073,2058,,2058,2050,2082,0,0,7,0.01
RGI60-11.03373,7.143,45.363,FR4N01153B20 du Grand Mean Nord,2047,2041,2060,2044,2039,2053,0,0,0,2043,2039,2054,2042,2037,2048,0,0,0,0.08
RGI60-11.03376,6.784,45.487,FR4N01146A10 du Cul du Nant,2068,2049,,2059,2042,2074,1,0,8,2053,2045,2065,2047,2039,2056,0,0,0,0.01
RGI60-11.03377,6.788,45.366,FR4N01146C21 de la Roche Ferran,2076,2067,,2071,2062,2090,0,0,8,2065,2062,2074,2061,2057,2069,0,0,0,0.04
RGI60-11.03384,6.887,46.108,FR4N01231C03? de Prazon,2047,2038,2063,2041,2034,2045,1,0,4,2040,2033,2048,2036,2030,2041,0,0,0,0.02
RGI60-11.03389,6.889,45.892,FR4N01237C01 des Pelerins,2053,2045,,2046,2041,2055,3,1,11,2047,2042,2058,2040,2037,2045,0,0,0,0.02
RGI60-11.03393,7.008,45.241,FR4N01153D10 de Roche Michel,2056,2049,2062,2052,2048,2058,0,0,0,2050,2045,2056,2048,2043,2053,0,0,0,0.02
RGI60-11.03400,6.904,45.335,FR4N01152C13+52C14+53A02 du Vallonet 1,,2070,,2063,2055,2087,6,3,9,2079,2064,2095,2055,2050,2063,4,2,5,0.13
RGI60-11.03427,6.78,45.369,FR4N01146C21 de l'Arcelin,2080,2070,,2067,2060,,0,0,13,2066,2061,2079,2058,2054,2070,0,0,0,0.15
RGI60-11.03437,6.331,44.977,FR4N01165C01-03 du Clot des Cavales,2071,2056,,2050,2040,,7,1,13,2052,2046,2060,2045,2039,2052,0,0,0,0.02
RGI60-11.03451,6.725,45.299,FR4N01xxxxxx Rosoire,2091,2068,,2082,2062,,3,0,24,2060,2054,2081,2056,2051,2074,0,0,0,0.01
RGI60-11.03452,6.88,45.521,FR4N01144G08 de Savinaz,,,,,,,62,41,84,2099,2073,,2089,2068,,4,0,30,0.03
RGI60-11.03464,6.972,45.549,FR4N01144B30 Inferieur des Balmes,2041,2038,2043,2039,2037,2042,0,0,0,2039,2037,2042,2038,2035,2040,0,0,0,0.02
RGI60-11.03466,6.992,45.913,FR4N01236A07 de Talefre,,,,,2059,,15,9,23,2074,2060,,2054,2047,2073,3,1,5,0.29
RGI60-11.03473,6.367,44.861,FR4N01083B06 du Sele 1,2058,2045,,2054,2041,2095,0,0,11,2050,2043,2067,2048,2041,2063,0,0,0,0.04
RGI60-11.03484,6.974,45.273,FR4N01153D15 de l'Arcelle Neuve,,2049,,2065,2042,,5,1,18,2054,2045,2073,2048,2039,2064,0,0,0,0.01
RGI60-11.03518,6.901,45.901,FR4N01237B03 de Blaitiere,2076,2058,,2059,2045,,7,4,17,2055,2045,2069,2047,2040,2057,0,0,2,0.01
RGI60-11.03520,6.766,45.335,FR4N01152A09 du Dome de Chasseforet,2074,2059,,2066,2049,,3,1,14,2056,2050,2073,2052,2047,2067,0,0,1,0.02
RGI60-11.03527,6.98,45.27,FR4N01153D12 du Vieux,2069,2042,,2054,2038,2062,2,0,7,2049,2041,2061,2044,2038,2050,0,0,0,0.02
RGI60-11.03529,6.985,45.538,FR4N01144B31 Superieur des Balmes,,2062,,2085,2056,,8,1,20,2057,2051,2078,2055,2048,2071,0,0,1,0.06
RGI60-11.03536,6.322,45.109,FR4N01164C05 Lombard,2044,2036,2052,2042,2036,2047,0,0,0,2039,2034,2045,2037,2033,2043,0,0,0,0.02
RGI60-11.03539,7.09,45.233,FR4N01153C25 de Derriere le Clapier,2034,2031,2037,2032,2030,2036,0,0,0,2032,2030,2034,2031,2029,2033,0,0,0,0.01
RGI60-11.03546,6.756,45.318,FR4N01152A07 Arpont,,,,,,,26,14,46,2087,2074,,2078,2070,,0,0,12,0.17
RGI60-11.03547,6.986,45.634,FR4N01144B11 de l'Invernet,2074,2042,,2051,2038,,6,2,13,2049,2041,2066,2044,2036,2051,0,0,0,0.02
RGI60-11.03553,6.45,44.934,FR4N01084A02 du Monetier 2,2055,2044,2085,2050,2042,2073,0,0,4,2047,2042,2062,2044,2039,2059,0,0,0,0.03
RGI60-11.03556,7.101,45.442,FR4N01144E22+E24 des Sources de l'Isere,2049,2041,2071,2045,2039,2056,1,0,4,2045,2038,2055,2042,2036,2048,0,0,0,0.05
RGI60-11.03558,6.457,44.928,FR4N01083B26 de Seguret Forant,2065,2048,,2059,2044,,1,0,15,2052,2047,2071,2049,2045,2066,0,0,0,0.02
RGI60-11.03561,6.862,45.413,FR4N01146B07 de Premou,,2050,,2062,2042,,8,3,16,2053,2045,2065,2047,2039,2056,0,0,0,0.02
RGI60-11.03569,6.763,45.424,FR4N01146B18 des Volnets,2071,2055,,2062,2048,2093,2,0,10,2053,2047,2066,2049,2042,2059,0,0,0,0.02
RGI60-11.03572,6.329,45.01,FR4N01165D03 de l'Homme,,,,,,,48,35,67,2094,2068,,2081,2065,,3,0,20,0.01
RGI60-11.03601,6.778,45.809,FR4N01239C01 d'Armancette,,,,,,,44,32,60,,2071,,2082,2065,,7,2,13,0.02
RGI60-11.03605,6.956,45.344,FR4N01152C07 de Gefret,2046,2037,2059,2043,2033,2047,0,0,1,2039,2033,2048,2035,2031,2042,0,0,0,0.02
RGI60-11.03614,6.858,45.423,FR4N01146B05 de Pramort ou de Rosolin Derriere,2040,2033,2045,2037,2032,2042,0,0,3,2034,2032,2043,2032,2031,2039,0,0,0,0.01
RGI60-11.03625,6.872,45.535,FR4N01144G11 Nord de la Gurraz,,,,,2065,,17,9,28,2061,2053,2077,2055,2050,2071,0,0,2,0.02
RGI60-11.03627,6.315,44.998,FR4N01166C14 des Etancons 2,,,,2068,2042,,17,8,21,2057,2049,2083,2048,2040,2067,0,0,4,0.01
RGI60-11.03638,6.985,45.951,Glacier d'ArgentiÃ¨re,,,,,2086,,16,12,24,2092,2070,,2065,2056,2086,5,2,8,0.9
RGI60-11.03640,7.003,45.96,FR4N01235A06 du Chardonnet,,,,,2071,,22,15,32,2075,2063,,2056,2050,2089,2,0,8,0.03
RGI60-11.03642,6.977,45.894,FR4N01236A01 Leschaux,,,,,,,45,33,55,,,,,,,21,12,29,0.32
RGI60-11.03643,6.934,45.883,Mer de Glace,,,,,,,51,43,67,,,,,,,27,15,37,1.72
RGI60-11.03645,6.912,45.907,FR4N01237A01 des Nantillons,,,,,,,54,45,65,,2070,,2094,2065,,7,3,29,0.01
RGI60-11.03646,6.865,45.868,FR4N01237D03 Bossons,,,,,,,94,92,100,,,,,,,75,64,83,0.63
RGI60-11.03647,6.844,45.863,FR4N01237E01 Taconnaz,,,,,,,86,81,92,,,,,,,58,43,67,0.2
RGI60-11.03648,6.811,45.849,FR4N01239A02 de Bionnassay,,,,,,,74,61,88,,,,,,,43,30,56,0.21
RGI60-11.03649,6.799,45.827,FR4N01239B03 du Miage 4,,,,,,,40,34,47,,,,,,,18,11,25,0.05
RGI60-11.03650,6.783,45.817,FR4N01239B06 de Covagnet,,,,,,,63,50,74,,,,,,,21,11,29,0.02
RGI60-11.03651,6.784,45.784,FR4N01239D01 de Tre la Tete,,,,,,,43,32,56,,,,,2090,,16,9,24,0.44
RGI60-11.03653,6.874,45.531,FR4N01144G10 Sud de la Gurraz,,,,,,,28,19,40,2094,2066,,2069,2061,2090,4,2,9,0.07
RGI60-11.03654,7.087,45.341,FR4N01153B31 Superieur du Vallonnet,,2070,,2091,2065,,8,1,27,2061,2056,2082,2058,2051,2076,0,0,0,0.05
RGI60-11.03655,7.067,45.221,FR4N01153D08 de Rochemelon,2064,2058,2087,2057,2050,2077,0,0,0,2055,2051,2067,2051,2046,2063,0,0,0,0.1
RGI60-11.03656,6.98,45.346,FR4N01153A04 de Mean Martin,2044,2039,2052,2039,2035,2041,0,0,1,2040,2037,2047,2036,2033,2040,0,0,0,0.02
RGI60-11.03657,6.99,45.372,FR4N01144F06 des Fours,2047,2038,2068,2045,2036,2055,0,0,3,2041,2036,2054,2038,2033,2048,0,0,0,0.02
RGI60-11.03659,6.922,45.391,FR4N01144F10 des Barmes de l'Ours,2035,2031,2040,2034,2030,2039,0,0,0,2034,2030,2037,2033,2029,2036,0,0,0,0.01
RGI60-11.03660,6.91,45.386,FR4N01152B11 de la Leisse,2068,2047,,2051,2040,2074,5,2,11,2048,2039,2061,2044,2037,2051,0,0,0,0.02
RGI60-11.03662,6.881,45.423,FR4N01146B04+52B03 de la Grande Motte,,,,,2062,,15,10,20,2072,2060,,2057,2046,2072,2,0,5,0.11
RGI60-11.03663,6.828,45.414,FR4N01146B10 de l'Epena 1,,,,,,,33,26,45,,,,,2089,,15,9,18,0.05
RGI60-11.03664,6.803,45.409,FR4N01146C16 de la Grande Casse,2036,2033,2039,2034,2032,2037,0,0,0,2034,2032,2036,2033,2031,2034,0,0,0,0.01
RGI60-11.03667,6.763,45.344,FR4N01152A09 Pelve,,2093,,,2077,,12,4,40,2075,2065,2097,2067,2061,2089,1,0,5,0.16
RGI60-11.03668,6.765,45.361,FR4N01146C24 du Grand Marchet,2070,2063,,2063,2056,2091,0,0,8,2060,2056,2072,2054,2050,2065,0,0,0,0.06
RGI60-11.03669,6.727,45.309,FR4N01146C38+146C39 Genepy,,,,,2065,,16,9,31,2064,2054,2081,2057,2050,2069,0,0,2,0.05
RGI60-11.03670,6.745,45.302,FR4N01152A05 Mahure,2049,2038,2072,2046,2036,2060,0,0,3,2043,2037,2056,2039,2034,2049,0,0,0,0.04
RGI60-11.03671,6.629,45.295,FR4N01146D09+E06 Gebroulaz,,2078,,,2060,,15,4,27,2074,2060,,2062,2051,2080,1,0,5,0.16
RGI60-11.03672,6.615,45.266,FR4N01151B03 de Chaviere,2053,2043,2084,2048,2041,2062,0,0,4,2048,2041,2061,2045,2038,2053,0,0,0,0.09
RGI60-11.03674,6.159,45.16,FR4N01162B09+154D03 de Saint Sorlin,2050,2039,2078,2043,2033,2052,1,0,5,2045,2037,2060,2037,2032,2045,0,0,0,0.04
RGI60-11.03675,6.226,45.003,FR4N01165F03+66A14+66A15 de Mont de Lans,2096,2068,,2069,2059,,4,1,13,2057,2050,2079,2054,2047,2070,0,0,1,0.11
RGI60-11.03676,6.252,45.009,FR4N01165F02+66FA19 de la Girose,,,,,,,33,24,50,,2083,,2086,2070,,7,3,12,0.28
RGI60-11.03677,6.296,45.008,FR4N01165E02 de la Meije,,,,,,,47,41,64,,2076,,2100,2065,,10,3,17,0.05
RGI60-11.03679,6.339,45.007,FR4N01165D03 du Lautaret,,,,,,,47,18,65,,2063,,2080,2052,,7,0,18,0.03
RGI60-11.03680,6.274,44.992,FR4N01166A04 de la Selle 1,,,,2070,2057,,11,8,18,2063,2058,2088,2054,2048,2058,2,1,4,0.06
RGI60-11.03683,6.35,44.954,FR4N01165B04 Plate des Agneaux/Tombe Muree,,2076,,2077,2053,,16,3,26,2069,2060,2096,2057,2050,2073,1,0,5,0.07
RGI60-11.03684,6.382,44.944,Glacier Blanc,,,,,2065,,13,8,19,2085,2064,,2061,2055,2069,3,2,6,0.28
RGI60-11.03685,6.364,44.882,FR4N01083B07 de l'Ailefroide 1,2062,2038,,2050,2037,,5,0,21,2044,2038,2061,2042,2036,2052,0,0,0,0.01
RGI60-11.03686,6.347,44.919,FR4N01166D03 du Vallon de la Pilatte,,,,,,,24,15,44,2073,2060,2090,2060,2050,2082,1,0,4,0.03
RGI60-11.03687,6.334,44.865,FR4N01166D11 de la Pilatte,,2069,,,2049,,15,4,29,2064,2050,2085,2055,2043,2064,0,0,2,0.05
RGI60-11.03689,6.331,44.803,FR4N01172F03 de Chabourneou,,,,,,,49,33,71,,,,,2080,,11,7,22,0.01
RGI60-11.03690,6.316,44.796,FR4N01172F04 du Sirac,,,,,,,35,19,82,,2073,,,2065,,12,2,31,0.02
RGI60-11.03694,6.263,44.892,FR4N01166E06 du Vallon des Etages,2059,2049,,2049,2039,2075,6,1,14,2049,2043,2061,2044,2037,2050,0,0,0,0.03
RGI60-11.03698,6.988,45.987,FR4N01234A01 du Tour,,,,,,,33,24,41,,2079,,2094,2070,,9,2,13,0.45
RGI60-11.03699,7.13,45.28,FR4N01153C17 d'Arnes,2059,2043,2074,2049,2040,2062,2,0,4,2047,2039,2056,2042,2036,2049,0,0,0,0.02
RGI60-11.03700,6.979,45.363,FR4N01152C03 des Roches Blanches,2043,2037,2049,2041,2036,2044,0,0,0,2038,2033,2044,2037,2032,2041,0,0,0,0.01
RGI60-11.03701,7.144,45.371,FR4N01153B19 du Mulinet,2066,2056,2095,2062,2053,2081,1,0,5,2054,2048,2067,2052,2046,2063,0,0,0,0.1
RGI60-11.03724,7.073329926,45.418830872,FR4N01153B06 du Montet 1,2067,2058,2078,2061,2050,2065,0,0,1,2060,2056,2064,2054,2051,2058,0,0,0,0.02
RGI60-11.03726,7.064435482,45.423805237,FR4N01153A15 du Grand Pisaillas 1,2043,2040,2049,2038,2034,2040,0,0,0,2040,2035,2045,2035,2032,2039,0,0,0,0.01
RGI60-11.03731,7.156507492,45.387832642,FR4N01153B14+B15 des Sources de l'Arc 1,2046,2039,2059,2043,2036,2047,1,0,3,2042,2035,2049,2038,2032,2043,0,0,0,0.02
RGI60-11.03733,7.17489624,45.402484894,FR4N01153B14+B15 des Sources de l'Arc 3,2050,2045,2070,2047,2041,2063,0,0,1,2047,2041,2058,2045,2038,2055,0,0,0,0.04
RGI60-11.03734,7.090087891,45.334049225,FR4N01153C08+53C11 du Colerin 1,2076,2059,,2066,2052,,1,0,14,2056,2050,2073,2053,2047,2068,0,0,0,0.04
RGI60-11.03740,7.122775078,45.252967834,FR4N01153C19 du Baounet 1,2040,2036,2047,2037,2034,2044,0,0,0,2037,2034,2043,2035,2033,2040,0,0,0,0.06
RGI60-11.03758,6.134179115,45.134418488,FR4N01163C05 du Grand Sablat 1,2066,2061,2089,2061,2049,2077,0,0,3,2052,2047,2067,2049,2043,2063,0,0,0,0.01
RGI60-11.03760,6.146940708,45.146186829,FR4N01163C06 des Quirlies 1,2051,2041,2068,2045,2037,2051,2,0,3,2044,2037,2050,2040,2034,2047,0,0,0,0.04
RGI60-11.03772,6.439653873,44.957695007,FR4N01084A04 du Casset 2,,,,,2065,,17,11,26,2070,2058,,2055,2047,2073,1,0,6,0.02
RGI60-11.03809,6.604481697,45.260101318,FR4N01151A05 du Bouchet 1,2051,2041,2077,2047,2038,2058,1,0,5,2046,2038,2055,2043,2037,2049,0,0,0,0.02
RGI60-11.03810,6.340786934,44.929290771,FR4N01166C26 de Bonnepierre 1,2075,2053,,2062,2047,2072,2,0,6,2051,2045,2071,2048,2041,2065,0,0,1,0.06
RGI60-11.03813,6.239952087,44.855693817,FR4N01166F11-13 du Fond de la Muhande 1,,,,,,,28,13,42,2088,2065,,2075,2056,,3,2,10,0.03
RGI60-11.03816,6.258936882,44.870178223,FR4N01166D20-22 Rouies/Chardon/Petit Chardon 1,2069,2059,,2065,2053,,5,0,13,2055,2050,2076,2052,2047,2067,0,0,1,0.04
RGI60-11.03817,6.301672935,44.881111145,FR4N01166D20-22 Rouies/Chardon/Petit Chardon 2,,2065,,,2049,,20,3,32,2080,2054,,2062,2047,2088,3,0,8,0.04
RGI60-11.03843,9.278,46.466,Pizzo Ferre IT4L01113003,2043,2038,2059,2040,2036,2050,0,0,1,2038,2033,2047,2035,2031,2042,0,0,0,0.01
RGI60-11.03887,11.871,46.438,Marmolada,,2089,,,2058,,14,4,29,2064,2058,2070,2052,2047,2058,0,0,1,0.03
RGI60-11.00002,13.6135,47.4845,RGI60-11.00002,2065,2059,2099,2059,2053,2074,3,1,5,2055,2049,2062,2052,2047,2056,0,0,0,0.08
RGI60-11.00003,13.596,47.4835,RGI60-11.00003,2054,2047,2063,2047,2041,2051,0,0,0,2046,2043,2053,2041,2039,2048,0,0,0,0.02
RGI60-11.00006,13.6304,47.4708,RGI60-11.00006,2044,2039,2049,2041,2038,2047,0,0,0,2042,2039,2045,2040,2037,2043,0,0,0,0.03
RGI60-11.03246,10.982920789,47.415938932,Nordlicher Schneeferner,,2071,,2076,2067,,8,3,19,2069,2059,2073,2064,2056,2071,0,0,0,0.01
RGI60-11.03678,6.321,45.014,FR4N01165E01 du Tabuchet,,,,,,,36,29,56,,2071,,2083,2066,,6,2,11,0.04
